center_mb	gc_percent	unique_tss	wolf_snp_count	dog_snp_count	campbell_pedigree	wolf_ld	dog_ld
0.050224	49.61548490397383	0	8277.0	9816.0	0.0	4.853562363273536e-08	5.62105763631104e-08
0.150224	42.072123190546485	0	3288.0	3670.0	0.0	4.586890292005958e-08	5.776128533265556e-08
0.250224	39.156439453125	0	1508.0	1533.0	0.0	9.0546123688464e-09	2.8257983857650163e-08
0.350224	38.92702734375	1	602.0	526.0	0.0	4.500355676008358e-09	1.2513825205709567e-08
0.450224	42.81921593088871	1	748.0	706.0	0.0	5.120696952764028e-09	2.8779107257510695e-08
0.550224	47.30522145226884	0	689.0	499.0	0.0	3.2642246273835267e-09	1.1769555530080563e-08
0.650224	45.44408714277396	8	762.0	614.0	0.0	4.658311968551293e-09	1.2128593421830181e-08
0.750224	51.01362303092141	11	700.0	392.0	0.0	2.3499273670105242e-09	6.570905870608226e-09
0.850224	57.56383058625108	1	983.0	450.0	0.0	2.4279800473344346e-09	2.7055069688289997e-09
0.950224	55.702697544040234	5	893.0	464.0	0.0	2.098961686171144e-09	3.289345861863871e-09
1.050224	57.664091796875	1	901.0	482.0	0.0	1.494524514575879e-09	2.092964569496529e-09
1.150224	53.10066582300294	6	806.0	361.0	0.0	3.987387842121562e-09	8.785603312100183e-09
1.250224	41.54296875	0	607.0	194.0	0.0	7.290616363975211e-10	8.335660774093193e-09
1.350224	42.2522265625	5	630.0	303.0	0.0	6.094848173435197e-10	4.058543488527217e-09
1.450224	51.103042980958584	3	803.0	458.0	0.0	8.464028796695451e-10	3.3153252597788867e-09
1.550224	52.285691491740316	1	806.0	438.0	0.0	7.91304519791175e-10	3.589205724816441e-09
1.650224	49.719584032370335	0	734.0	314.0	0.0	7.002077705126584e-10	3.091187240214059e-09
1.750224	47.752175166152156	0	733.0	348.0	0.0	2.0107915611784765e-09	5.607692076151291e-09
1.850224	48.676642942479404	2	757.0	366.0	0.0	2.2160866705997657e-09	5.031104879564021e-09
1.950224	44.5063095703125	0	751.0	428.0	0.0	1.6201876419833645e-09	9.030845434384107e-10
2.050224	46.05679532611656	0	820.0	465.0	0.0	1.9167870032870716e-09	1.390973336668523e-09
2.150224	44.43893579755558	1	761.0	511.0	0.0	9.207847742660584e-10	9.704665872407523e-10
2.250224	45.103642543274646	0	698.0	512.0	0.0	2.0471742203770523e-09	2.6046100268881793e-09
2.350224	42.35004233269892	13	587.0	446.0	0.0	1.3631407228226374e-09	2.5934140492338278e-09
2.450224	44.07765025915043	3	885.0	525.0	0.0	1.6411133304957034e-09	3.229830618094315e-09
2.550224	43.3112119140625	4	947.0	465.0	0.0	1.2232234633873137e-09	1.5529907533406995e-09
2.650224	42.09470703125	0	888.0	471.0	0.0	1.3397600085488133e-09	2.916773098610853e-10
2.750224	44.757916015625	5	742.0	370.0	0.0	2.5100965777507916e-09	3.423710274654684e-10
2.850224	50.2038712259838	4	944.0	312.0	0.0	2.3370362262776537e-09	1.9270485595524954e-09
2.950224	51.731962890625	0	942.0	488.0	0.0	3.7380718306219416e-09	5.685696998360134e-10
3.050224	43.0165399400419	6	645.0	320.0	0.0	1.7888997396421635e-09	1.0994307377069912e-09
3.150224	46.86268554223364	2	940.0	486.0	0.0	4.34142712442704e-09	5.073074077645567e-09
3.250224	46.17848499482079	9	897.0	514.0	0.0	4.660769447410798e-09	5.619229607438728e-10
3.350224	50.1589501953125	0	1027.0	442.0	0.0	3.4566461598706243e-09	4.4310699970993155e-10
3.450224	44.02290234375	2	792.0	379.0	0.0	2.2161714914761473e-09	4.588103629707754e-10
3.550224	43.456537109375	0	828.0	353.0	0.0	1.5978525169858468e-09	2.394680421437187e-09
3.650224	40.5977099609375	0	923.0	452.0	0.0	1.8526248953430746e-09	1.0652494565094664e-09
3.750224	41.4890654296875	0	773.0	353.0	0.0	1.5092822292380597e-09	6.997454578705487e-10
3.850224	39.9534443359375	0	847.0	656.0	0.0	2.3226299487684106e-09	1.7584410633685044e-09
3.950224	42.692708254626396	0	604.0	416.0	0.0	2.7337290898795523e-09	2.1130928862894692e-09
4.050224	41.7367109375	0	732.0	519.0	0.0	1.5588676128663534e-09	4.2360167025030926e-10
4.150224	46.2224208984375	1	769.0	462.0	0.0	2.9774911080250947e-09	1.0995655213985948e-09
4.250224	46.28603799143145	2	492.0	319.0	6.305451709917572e-09	1.4317150559874093e-09	3.992797287711604e-09
4.350224	48.75375882114848	4	994.0	705.0	2.3451051114710356e-08	2.756651188274839e-09	2.1621696725725865e-09
4.450224	44.4698310546875	0	645.0	403.0	6.642768170584106e-10	2.36228235536224e-09	1.0791041645688213e-09
4.550224	38.96720996666514	0	452.0	268.0	6.64276817058415e-10	1.2558318814447771e-09	1.3329873754273914e-09
4.650224	38.0907421875	0	808.0	618.0	6.642768170584106e-10	1.322082229029773e-08	1.3947168645168025e-08
4.750224	37.025837022813555	0	439.0	279.0	6.64276817058415e-10	2.6418376036693725e-09	2.6969592853935686e-09
4.850224	41.3540458984375	3	583.0	430.0	6.64276817058415e-10	3.4080560832118466e-09	1.181293664564917e-09
4.950224	49.2787753562087	9	1181.0	804.0	6.642768170584106e-10	4.767284147831515e-09	1.8222372831640936e-09
5.050224	41.515267578125	8	934.0	601.0	6.642768170584106e-10	4.406396291560567e-09	3.7391762532995585e-09
5.150224	44.705728515625	8	1097.0	573.0	6.64276817058415e-10	2.789245558271515e-09	1.18449502906591e-09
5.250224	41.53684341957711	0	1096.0	746.0	6.64276817058415e-10	5.073104968634778e-09	5.052286382592891e-09
5.350224	42.83130558101173	4	1372.0	873.0	6.642768170584106e-10	6.423972236423853e-09	2.3133930928136147e-09
5.450224	41.75665540915493	0	1135.0	737.0	6.64276817058415e-10	2.7415117547452404e-09	2.0651999143436045e-09
5.550224	39.887630859375	3	1157.0	663.0	6.642768170584106e-10	4.258899669369251e-09	3.2605457266118158e-09
5.650224	37.5091640625	1	992.0	684.0	6.64276817058415e-10	4.575643824182608e-09	2.732655124571201e-09
5.750224	35.290068969244075	0	1106.0	630.0	6.642768170584106e-10	2.693880184665952e-09	2.119480079787739e-09
5.850224	36.111251953125	0	1063.0	684.0	6.642768170584193e-10	2.6572927676538417e-09	1.487903526732684e-09
5.950224	36.254955078125	0	1007.0	605.0	6.642768170584106e-10	2.4045770699493777e-09	1.386151240118788e-09
6.050224	37.493380859375	0	983.0	584.0	6.642768170584106e-10	2.37717630497028e-09	1.5300500305052283e-09
6.150224	39.124152317021014	7	942.0	621.0	6.642768170584106e-10	6.599380874576233e-09	6.2627328785386936e-09
6.250224	39.19245261740819	5	1070.0	728.0	6.642768170584106e-10	6.425979546098304e-09	4.3259858553879036e-09
6.350224	39.57069921875	1	1248.0	783.0	6.642768170584193e-10	1.0214245790966455e-08	6.133495914130149e-09
6.450224	37.017986328125	0	1282.0	870.0	6.642768170584106e-10	3.1305177272216224e-09	2.6074094019104543e-09
6.550224	36.46625459356672	0	939.0	559.0	6.642768170584106e-10	3.8079081560738265e-09	2.535283803002941e-09
6.650224	35.317223305382456	0	1021.0	744.0	6.642768170584193e-10	3.74283260182174e-09	2.6869149626107536e-09
6.750224	35.18412890625	0	975.0	580.0	6.642768170584106e-10	1.9641865810991755e-09	1.6295693801820361e-09
6.850224	36.642755859375	0	1374.0	955.0	6.642768170584106e-10	5.431960892064124e-09	6.117740518318885e-09
6.950224	35.804384765625	0	1289.0	756.0	6.642768170584193e-10	4.829859158873226e-09	1.2283685653044495e-09
7.050224	34.3502890625	2	1307.0	788.0	6.642768170584106e-10	5.0640152609088966e-09	2.513061895910926e-09
7.150224	35.249751953125	0	1237.0	863.0	6.642768170584106e-10	6.003575300511654e-09	3.4957434302897857e-09
7.250224	35.17641796875	1	989.0	710.0	6.642768170584106e-10	5.276585175507664e-09	3.0607368233791927e-09
7.350224	35.069314453125	0	1004.0	595.0	6.642768170584106e-10	6.04029653396565e-09	2.807481876683504e-09
7.450224	35.589697265625	0	1061.0	553.0	6.642768170584193e-10	5.619260874531254e-09	3.108300880304629e-09
7.550224	37.059123046875	0	984.0	609.0	6.642768170584106e-10	6.564125916916769e-09	1.4199302024600624e-09
7.650224	37.481705078125	4	1053.0	624.0	6.642768170584106e-10	7.708422223754868e-09	5.367490440030264e-09
7.750224	38.938060546875	1	1082.0	711.0	6.642768170584193e-10	1.1415570840619948e-08	2.453517324706653e-09
7.850224	39.4076953125	5	1160.0	848.0	6.642768170584106e-10	1.3905143412358822e-08	4.718009022275926e-09
7.950224	41.67821068739308	1	1141.0	858.0	2.2847810798184077e-08	1.5021717835598177e-08	1.6745498619310587e-08
8.050224	40.93019921875	2	818.0	640.0	8.35718524731641e-09	1.2045493333398133e-08	5.707819133813838e-09
8.150224	40.681391591876725	10	989.0	687.0	9.767806488224923e-10	1.3628213584084767e-08	1.4285166854976702e-08
8.250224	35.0531103515625	1	917.0	336.0	9.767806488225097e-10	1.0658842838949523e-09	1.0735839964828158e-09
8.350224	40.255362787596205	2	850.0	505.0	9.767806488224923e-10	4.1419485750090325e-09	1.8333589392090232e-09
8.450224	39.1511279296875	0	1197.0	799.0	9.767806488224923e-10	8.181135041598341e-09	4.11291390198347e-09
8.550224	37.0748349609375	0	1161.0	837.0	9.767806488224923e-10	9.385195406373184e-09	5.640000004456941e-09
8.650224	37.26816796875	0	1338.0	1157.0	9.767806488224923e-10	9.166070554620306e-09	9.006251264547724e-09
8.750224	35.8040263671875	1	1278.0	906.0	9.480106797352812e-10	6.31680192806898e-09	4.681311815518743e-09
8.850224	36.18521869169776	0	1249.0	1001.0	8.999295720856122e-10	1.0186127401050834e-08	1.013355367901772e-08
8.950224	36.075533203125	0	1138.0	942.0	8.999295720856122e-10	8.318040496597401e-09	1.052178311973552e-08
9.050224	34.647744140625	0	1261.0	1086.0	8.999295720856296e-10	7.067050919719251e-09	6.8713174076306256e-09
9.150224	34.29421802971235	0	892.0	768.0	8.999295720856122e-10	5.826320797979873e-09	5.167925070760984e-09
9.250224	35.361768428211256	1	980.0	778.0	8.999295720856122e-10	8.571596593946046e-09	1.0556117148924348e-08
9.350224	35.97972202281695	8	1233.0	949.0	8.999295720856122e-10	9.43370821312385e-09	8.852377357466897e-09
9.450224	36.11173046875	1	1210.0	1016.0	8.920094200057238e-10	5.9109368644935656e-09	3.3492634987974253e-09
9.550224	35.4828173828125	0	1312.0	928.0	8.643829086509188e-10	1.036255249538584e-08	7.74330163541448e-09
9.650224	35.286123046875	0	1281.0	993.0	2.681049028201189e-09	1.3969109136548128e-08	5.692462176501434e-09
9.750224	36.043494140625	0	1243.0	940.0	2.515986262594817e-08	9.00890627333395e-09	7.140358503617897e-09
9.850224	35.029734375	0	1271.0	951.0	4.684760418339103e-09	8.279334105881497e-09	4.303366127086927e-09
9.950224	34.7118154296875	1	1267.0	887.0	2.1545547867172325e-08	9.239244090033517e-09	5.383450267152437e-09
10.050224	35.34367578125	0	1315.0	868.0	2.4784492753560095e-09	1.0392103045012354e-08	4.779970535520941e-09
10.150224	35.39053125	0	1200.0	1010.0	8.647246388500396e-10	1.2369470559417465e-08	7.923876525120361e-09
10.250224	37.386466796875	0	1217.0	958.0	8.647246388500396e-10	1.6581555341396715e-08	8.685794726579626e-09
10.350224	37.32447966083101	1	1112.0	858.0	8.647246388500396e-10	1.576366431379539e-08	1.3356057774494835e-08
10.450224	35.304671875	1	1075.0	788.0	8.647246388500396e-10	1.216081750838878e-08	5.50297362290994e-09
10.550224	34.9019580078125	0	1372.0	1097.0	8.647246388500396e-10	1.0189612528140462e-08	5.774561653617977e-09
10.650224	34.3455673828125	0	1365.0	1107.0	2.60477269093843e-09	1.1334040274751794e-08	4.583980758340323e-09
10.750224	33.91737334309259	0	1312.0	994.0	1.1106131509346015e-08	1.1001273557579572e-08	3.5100287364220326e-09
10.850224	34.4829921875	0	1163.0	897.0	1.1121109950436892e-08	1.246196136688818e-08	5.131798180362801e-09
10.950224	34.9961953125	0	1389.0	974.0	4.626668206598253e-09	7.986865713780906e-09	3.4426892987766967e-09
11.050224	34.090703125	2	1485.0	1072.0	1.4079104913658144e-09	8.047975496752874e-09	2.60108052996838e-09
11.150224	33.1882119140625	0	1046.0	718.0	1.4079104913658144e-09	6.7212427499104e-09	5.651698783799286e-09
11.250224	34.9908154296875	1	1350.0	976.0	5.1102147656693904e-09	9.718034668841912e-09	8.542996455864483e-09
11.350224	34.4666982421875	0	1405.0	884.0	1.1098284449130407e-08	9.265964985346875e-09	2.988676063520046e-09
11.450224	33.9910986328125	1	1562.0	1073.0	1.1098284449130407e-08	9.784916284895362e-09	4.21028580527269e-09
11.550224	35.13578515625	1	1514.0	1059.0	3.6595967406649263e-09	7.4341956744147785e-09	5.8887541755509036e-09
11.650224	34.995184467114115	0	1272.0	788.0	2.6725920293868762e-08	1.2331659453451716e-08	4.993632387355756e-09
11.750224	35.71637109375	2	1082.0	554.0	1.407598336881262e-09	1.069411978405252e-08	4.6787817335222636e-09
11.850224	34.820953506772305	1	1048.0	726.0	1.814226152489627e-08	6.7778859043225725e-09	5.936636926401201e-09
11.950224	34.50215440092712	1	1441.0	847.0	3.438035821781208e-08	7.049674186073857e-09	4.454904774951335e-09
12.050224	34.771869140625	0	1130.0	831.0	2.7666004936489525e-08	7.291246760196407e-09	7.3653817314790756e-09
12.150224	34.9572861328125	0	1266.0	986.0	1.4079493134686732e-09	8.191505461242477e-09	7.406618846975133e-09
12.250224	35.8649453125	0	1310.0	891.0	1.4079493134686732e-09	1.1468900063584253e-08	6.498151466829277e-09
12.350224	36.15866137791054	0	1181.0	999.0	2.3320187409689442e-09	9.352565635761812e-09	6.645728821900177e-09
12.450224	36.0104580078125	0	1508.0	1093.0	2.2577924743028277e-08	1.0254231939967607e-08	1.3332913528846246e-08
12.550224	34.70710893409654	0	1301.0	980.0	4.574817371288606e-09	1.0230634207203104e-08	6.656466223505103e-09
12.650224	34.526380859375	0	1377.0	764.0	1.0497661672892455e-09	5.069066255916077e-09	1.9564219905575385e-09
12.750224	36.0300556640625	1	1021.0	742.0	4.6172772296162315e-09	7.954318331126615e-09	2.0032554247334524e-09
12.850224	37.821198259433636	1	1236.0	985.0	6.310883515026205e-09	1.6126504354132127e-08	6.59822607004118e-09
12.950224	37.488033203125	0	1274.0	931.0	6.310883515026275e-09	1.3423854253229312e-08	1.794664191352574e-09
13.050224	39.51125390625	1	1411.0	1066.0	6.310883515026275e-09	1.5631611636496985e-08	7.119382299766997e-09
13.150224	39.8996259765625	0	1164.0	879.0	1.6032055844074286e-08	1.588699880106681e-08	6.526883519093751e-09
13.250224	41.24351447489689	5	1338.0	1002.0	1.734255034212921e-08	1.4460170259475714e-08	7.636505109461371e-09
13.350224	39.543736328125	7	1093.0	858.0	1.0503841559249966e-09	1.1710319732770869e-08	1.057372776629248e-08
13.450224	39.053619140625	6	994.0	574.0	1.0503841559249966e-09	3.997372211176631e-09	4.690368222387969e-09
13.550224	41.2935634765625	5	1377.0	1155.0	1.050384155925066e-09	7.690672797036752e-09	6.4989458751280034e-09
13.650224	40.19598306648406	4	922.0	707.0	1.0503841559249966e-09	3.709279665787407e-09	1.9283140885105465e-09
13.750224	43.36026728087798	1	953.0	720.0	1.0503841559249966e-09	7.99674540945483e-09	5.8282474644605345e-09
13.850224	44.62443359375	6	960.0	642.0	1.050384155925066e-09	8.773102866771743e-09	7.574012554684706e-09
13.950224	45.5734580078125	1	1402.0	956.0	4.286093626856002e-09	1.8936035982509147e-08	1.1889798219364006e-08
14.050224	41.03453105076162	0	934.0	845.0	6.892069425704778e-09	1.2367884396736195e-08	7.499250754681025e-09
14.150224	37.833748046875	0	647.0	483.0	6.892069425704778e-09	1.712624039215821e-09	1.183683024203186e-09
14.250224	41.03988101316921	1	916.0	762.0	6.754621268310057e-09	1.2898442681556349e-08	1.4527670368705837e-08
14.350224	45.27694337529056	4	935.0	668.0	6.153696299759162e-09	1.3530248057059824e-08	8.925275192089298e-09
14.450224	44.1683681640625	0	1173.0	892.0	7.451814363167858e-10	1.645331280760387e-08	2.0923823200238307e-08
14.550224	41.94993484246926	1	849.0	576.0	6.294484437330272e-10	1.340642392730712e-08	1.0977087457239854e-08
14.650224	34.9746083984375	7	766.0	485.0	6.294484437330272e-10	4.48796819064512e-09	2.513757184486182e-09
14.750224	35.3685205078125	0	858.0	693.0	6.294484437330966e-10	2.8510058090706893e-09	1.6843789187620527e-09
14.850224	40.8982099609375	1	1257.0	838.0	2.5947061668328206e-08	1.1332218908452623e-08	6.409233948152931e-09
14.950224	45.349541859828626	2	1339.0	959.0	6.293504143375233e-10	1.3620518922628223e-08	1.4142446555617249e-08
15.050224	43.279189453125	1	1405.0	1063.0	1.1161615623151573e-09	1.1014422160480625e-08	1.442015490308396e-08
15.150224	43.034060546875	1	1402.0	1040.0	2.3766762390457844e-08	1.0213513159943733e-08	8.700444703882704e-09
15.250224	39.6131171875	4	980.0	582.0	2.3251086339518003e-09	1.932944564274064e-09	1.2398806042690502e-09
15.350224	39.19311361860795	1	1005.0	530.0	6.293690780882071e-10	4.700074406928378e-09	2.4681520383683374e-09
15.450224	40.4007041015625	0	1098.0	667.0	1.5127800788184153e-08	5.202697895138053e-09	5.542216810158762e-09
15.550224	37.8245830078125	1	1002.0	644.0	1.144960477329801e-08	5.08213769375751e-09	3.4222282419445193e-09
15.650224	37.118677734375	0	1151.0	653.0	6.293588957329705e-10	6.915365327292422e-09	4.082761487806675e-09
15.750224	36.4923896484375	0	1167.0	690.0	2.5946403277669132e-08	6.8387393852351045e-09	6.131437198618056e-09
15.850224	36.14070092463191	0	1365.0	966.0	6.297122068761596e-10	1.2785072942560482e-08	6.2669571339420135e-09
15.950224	36.0725732421875	0	1134.0	812.0	6.297122068760902e-10	1.2450060964112192e-08	6.678616966920014e-09
16.050224	35.532689453125	2	1470.0	674.0	6.297122068761596e-10	6.49419943991772e-09	4.1596288601734866e-09
16.150224	36.9179609375	1	1349.0	698.0	6.297122068761596e-10	4.222700576480831e-09	2.9543383440908122e-09
16.250224	37.0651328125	0	1196.0	749.0	6.297122068760902e-10	5.7880201335865075e-09	3.9499963923649016e-09
16.350224	38.4283994140625	0	1269.0	844.0	6.297122068761596e-10	5.282804442303113e-09	5.54933938783364e-09
16.450224	42.46487950444334	3	1267.0	898.0	6.297122068760902e-10	1.848312541641764e-08	1.4005731721479092e-08
16.550224	42.56842861665618	1	1185.0	742.0	6.297122068761596e-10	1.4454240517064593e-08	4.6125439460688315e-09
16.650224	43.3237314811908	0	1335.0	801.0	6.297122068761596e-10	1.3141938805667358e-08	2.183568486059384e-09
16.750224	43.6555888671875	0	1060.0	686.0	6.297122068760902e-10	1.292811867940613e-08	4.081994549706286e-09
16.850224	43.36413427457257	1	1214.0	775.0	2.058348989105313e-09	2.1023589236682795e-08	8.948913735978004e-09
16.950224	47.381449861847265	3	1315.0	955.0	1.393049222949222e-08	2.555358212314507e-08	1.1362498363802487e-08
17.050224	47.181281560591664	1	1652.0	1071.0	1.1222112791830428e-08	1.4698342608824577e-08	9.098254183269455e-09
17.150224	44.56537908973774	1	1216.0	913.0	6.293457917075363e-10	1.1552755119899061e-08	1.0261819388186211e-08
17.250224	45.02183138452686	1	1110.0	799.0	6.272929636187697e-10	1.2381103502865365e-08	1.525241873395436e-08
17.350224	44.69867578125	1	1442.0	1147.0	6.215060816108786e-10	1.960284125715611e-08	1.1607742449364772e-08
17.450224	43.00544580710332	8	1112.0	777.0	3.226379936980134e-09	1.633766242299245e-08	7.2593831498259095e-09
17.550224	47.67114328233974	4	1517.0	978.0	2.3019669485437183e-08	1.2491296293089815e-08	8.606109015207169e-09
17.650224	45.915738766182486	0	1055.0	755.0	2.562239713835554e-08	8.36791424236677e-09	1.0467884984663168e-08
17.750224	44.522263671875	3	1022.0	702.0	6.215360580549834e-10	1.1699701645661031e-08	2.4687401228663806e-09
17.850224	45.91583787089646	5	1295.0	896.0	6.215360580549834e-10	1.6933712042148663e-08	9.516995510803484e-09
17.950224	45.35582170169454	0	1372.0	957.0	9.53228742607004e-10	1.658347262117277e-08	1.2079304252909512e-08
18.050224	43.602201171875	0	1419.0	1096.0	2.406269362073832e-09	1.3285567465992354e-08	5.050206836001298e-09
18.150224	44.6899442701528	1	1305.0	975.0	2.4062693620739708e-09	1.9372113974956974e-08	1.734662192385064e-08
18.250224	43.14812890625	1	1087.0	830.0	2.4062693620739708e-09	1.0801489500915918e-08	1.1184567569933467e-08
18.350224	44.493017039478154	4	1117.0	917.0	2.4062693620739708e-09	1.1303124538180053e-08	9.80816240713181e-09
18.450224	45.142017864982606	1	1031.0	727.0	2.7406939884868088e-08	2.163489890902731e-08	2.2890312688206572e-08
18.550224	41.542366021341465	1	1127.0	844.0	2.7404477988754726e-08	1.1070208824376926e-08	8.637982288566687e-09
18.650224	44.0000625	0	1162.0	709.0	2.40424820505708e-09	1.117638063285964e-08	1.2327733624218489e-08
18.750224	49.11002057731959	0	1537.0	1043.0	2.737131712116994e-08	1.3802702182293958e-08	1.531557805770578e-08
18.850224	39.2931875	0	781.0	547.0	2.086587915412219e-09	4.742107162361842e-09	2.346501698029246e-09
18.950224	36.371890625	0	651.0	368.0	2.086587915412358e-09	1.5115515511837652e-09	6.729667233293379e-10
19.050224	35.4905	1	621.0	405.0	2.086587915412358e-09	1.752158813055349e-09	3.6417311781361537e-10
19.150224	36.975203125	5	786.0	564.0	2.086587915412358e-09	6.912724291774086e-09	7.209535738718631e-09
19.250224	42.660546875	2	1028.0	747.0	2.7090637777600486e-08	1.0119902049356976e-08	7.038262911478049e-09
19.350224	39.5789140625	0	933.0	580.0	2.087647239057966e-09	6.246224430651315e-09	5.3203747049911095e-09
19.450224	40.4148046875	2	978.0	600.0	2.087647239057966e-09	8.731409024677895e-09	7.635238095347468e-09
19.550224	39.19715377565982	3	1073.0	794.0	2.087647239057966e-09	1.1840460795667362e-08	6.048471694849178e-09
19.650224	39.994675500307885	0	978.0	702.0	2.087647239057966e-09	9.419223917124798e-09	4.339764962533465e-09
19.750224	37.58059929977984	0	894.0	575.0	2.0876472390581048e-09	7.263119431046017e-09	4.430510340091009e-09
19.850224	38.804656727178426	1	878.0	574.0	2.087647239057966e-09	9.315990830357779e-09	5.45778351930648e-09
19.950224	39.13809375	0	1013.0	736.0	2.7092713822603893e-08	1.753295333442956e-08	9.149107651064137e-09
20.050224	39.296217546503435	1	990.0	620.0	1.0690726642338944e-08	1.67701894949121e-08	1.3134420214282738e-08
20.150224	39.410015625	0	810.0	504.0	1.8493652696692648e-08	2.175679945426223e-08	7.468223605003599e-09
20.250224	40.4443671875	0	847.0	484.0	2.9273547307079318e-09	1.727851921540541e-08	9.158606868143182e-09
20.350224	39.91919283545449	0	750.0	408.0	1.3417050480601379e-08	1.5575969963942393e-08	6.04007693974895e-09
20.450224	43.92847498902225	0	1228.0	726.0	1.3417050480601379e-08	2.5144209821989505e-08	3.883292097317803e-09
20.550224	41.5913010940534	0	1183.0	670.0	8.486516057452514e-09	1.3960444026816232e-08	3.919696766265801e-09
20.650224	39.81353110576923	3	1196.0	717.0	3.677338446251843e-09	1.1976146882479166e-08	4.570289533643857e-09
20.750224	38.8444296875	1	1063.0	603.0	3.6773384462517046e-09	1.1747435997915833e-08	5.475569878884978e-09
20.850224	38.4541640625	3	1229.0	807.0	3.677338446251843e-09	1.5534603170150594e-08	2.7624624683089682e-09
20.950224	37.9260078125	2	1231.0	648.0	3.6773384462517046e-09	6.685936449259688e-09	1.948137124520022e-09
21.050224	40.40369464463221	4	1010.0	602.0	3.6773384462517046e-09	4.89145743096997e-09	7.235308192987677e-10
21.150224	37.32624222848361	12	978.0	553.0	3.677338446251843e-09	6.645835508671816e-09	8.947599345834889e-10
21.250224	41.011619778375255	2	1107.0	532.0	3.6773384462517046e-09	9.434255269923364e-09	4.643895533983089e-09
21.350224	41.14919921875	0	1379.0	859.0	3.6773384462517046e-09	1.5543607409727046e-08	8.980827516011647e-09
21.450224	38.963928381648934	0	1372.0	779.0	3.677338446251843e-09	8.90595798614835e-09	3.4934352801632705e-09
21.550224	37.917435546875	1	1240.0	593.0	3.6773384462517046e-09	1.011729430594882e-08	3.102563049535434e-09
21.650224	37.6759609375	0	1458.0	844.0	3.677338446251843e-09	5.3637659652422395e-09	3.980846832858931e-09
21.750224	37.36000390625	0	1252.0	697.0	3.6773384462517046e-09	9.546138157451867e-09	6.084544487691968e-09
21.850224	37.75735546875	0	1288.0	734.0	2.827674228979421e-08	1.250829894072214e-08	6.5684048882469485e-09
21.950224	35.1920546875	0	1129.0	846.0	2.0854776798359677e-09	1.085601704690603e-08	3.514383830970358e-09
22.050224	37.034767578125	0	1166.0	707.0	2.11860060391425e-08	1.5084409956487576e-08	4.144459510816989e-09
22.150224	37.17529296875	0	1197.0	638.0	8.119999792306487e-09	9.269134064521788e-09	4.898051943464654e-09
22.250224	36.082896484375	0	1354.0	861.0	1.173771700841611e-08	7.681766539845425e-09	3.5774530332779997e-09
22.350224	37.139572265625	0	1272.0	613.0	1.45314988308827e-08	1.493813940860067e-08	4.191967120173168e-09
22.450224	39.1706484375	3	1364.0	708.0	1.6901149158623646e-08	1.3415959744468576e-08	5.124187588453621e-09
22.550224	39.6470859375	0	1093.0	627.0	3.550984716936045e-08	9.282598413036524e-09	6.645288089625612e-09
22.650224	38.91853040444831	0	1195.0	905.0	2.9455991163375437e-09	1.696533663479022e-08	1.399204937720777e-08
22.750224	41.6988515625	0	1454.0	939.0	2.5089905697120855e-08	1.4273485453508427e-08	1.2720339303593787e-08
22.850224	41.47909294429725	0	1361.0	866.0	2.1565925526449147e-08	1.6173254840548546e-08	1.0285757240649785e-08
22.950224	38.49848628117162	0	1467.0	948.0	6.416522127284385e-09	1.101244179118499e-08	6.13026809425321e-09
23.050224	37.465517578125	1	1137.0	707.0	1.396658772981757e-09	6.163687565363673e-09	4.4777946039803455e-09
23.150224	37.599998046875	0	1207.0	742.0	1.3966587729816181e-09	8.924505719508092e-09	7.838132661601715e-09
23.250224	39.24796426405536	0	1542.0	1082.0	1.3966587729816181e-09	1.3063900718544298e-08	7.1267800666593994e-09
23.350224	40.537912109375	0	1420.0	1031.0	1.3966587729816181e-09	1.0830290781406459e-08	6.2774915512295304e-09
23.450224	43.24053125	0	1471.0	1016.0	2.6399470314285856e-08	2.018291864834293e-08	5.743555638880182e-09
23.550224	44.83087598133553	2	1580.0	1116.0	5.572510889716442e-09	2.0228547063982083e-08	1.6773345320101885e-08
23.650224	43.72330904814271	0	1251.0	985.0	2.2221725196578808e-08	1.3704437310598505e-08	1.1841398101195833e-08
23.750224	45.65250949352395	0	1236.0	849.0	1.396465379825268e-09	1.7704261395331265e-08	1.0932515920231422e-08
23.850224	47.22226676093871	1	1087.0	749.0	1.396465379825268e-09	1.5851345725356735e-08	1.1758813922103928e-08
23.950224	41.444044921875	9	776.0	464.0	1.3964653798251292e-09	4.796050085598136e-09	3.0931767331746075e-09
24.050224	44.7307341800068	4	1225.0	1083.0	2.7375262168941038e-09	8.168934361344749e-09	3.3642748322423864e-09
24.150224	42.33015625	0	1613.0	1487.0	4.45873751708209e-09	8.398056436354773e-09	7.418075342182639e-09
24.250224	39.01527643206256	1	1348.0	967.0	4.45873751708209e-09	6.90631581224066e-09	3.0786405314608966e-09
24.350224	39.4364375	4	959.0	798.0	4.45873751708209e-09	7.601440901629507e-09	5.265931826148318e-09
24.450224	39.94613075267221	6	1028.0	722.0	4.45873751708209e-09	9.175807069904673e-09	1.9457990854618302e-09
24.550224	46.932338545891476	0	1601.0	1112.0	4.458737517081951e-09	1.0593540220813214e-08	3.270814469061023e-09
24.650224	47.223625	2	1998.0	1609.0	2.9282411384541906e-08	1.5742223712433557e-08	8.714345789978817e-09
24.750224	47.44017774682307	5	1851.0	1530.0	6.718601911177291e-09	1.614982809701959e-08	1.3775227921778154e-08
24.850224	45.10048001456434	1	1512.0	1355.0	6.7186019111770135e-09	9.635959405704942e-09	1.239102843784451e-08
24.950224	46.76885399566036	8	1358.0	977.0	6.718601911177291e-09	1.6623741463258625e-08	1.4503589213180346e-08
25.050224	37.6719609375	3	934.0	704.0	4.518601927786248e-09	7.844652099786298e-09	3.677476880721842e-09
25.150224	39.4170703125	1	1520.0	1269.0	3.9828959953486236e-09	1.669088948350439e-08	8.698152196304488e-09
25.250224	36.43250390625	2	1111.0	997.0	3.982895995348346e-09	7.598123834239579e-09	6.082084627123396e-09
25.350224	38.15725390625	1	1090.0	923.0	3.9828959953486236e-09	8.79117029647103e-09	6.5965829517808385e-09
25.450224	37.425568359375	0	1123.0	849.0	3.9828959953486236e-09	5.636388193175079e-09	6.31150569487593e-09
25.550224	38.12374642023107	3	1080.0	791.0	1.2938035317751894e-08	1.0544606008148495e-08	6.61973843941649e-09
25.650224	37.86468510473481	3	1397.0	1112.0	1.0725397193829811e-08	2.0762983992071438e-08	2.282814771007585e-08
25.750224	40.31802710254138	2	1428.0	1125.0	8.010151587348746e-09	3.7292959171819904e-08	3.017723905200248e-08
25.850224	38.794671875	6	1230.0	892.0	2.8891568956598832e-09	1.758497969022388e-08	8.62314044823953e-09
25.950224	37.13853125	4	821.0	579.0	2.8891568956598832e-09	1.4451499505761523e-08	5.3960417271251e-09
26.050224	37.525109375	1	1312.0	1130.0	2.8891568956598832e-09	2.414427926413776e-08	6.277926516764232e-09
26.150224	37.20325710227272	1	1310.0	989.0	2.2461852555351324e-08	2.1306524905395364e-08	8.020884957726238e-09
26.250224	37.257265625	3	1164.0	1077.0	3.375747186068395e-08	1.3734562395120165e-08	8.938887385839256e-09
26.350224	35.972931134259255	1	1038.0	898.0	8.730234829470162e-09	4.6321606916255305e-09	3.8520724966828456e-09
26.450224	37.0071875	2	1058.0	681.0	1.1017028991807676e-08	1.2013067417873947e-08	3.601470084048375e-09
26.550224	37.517234375	0	1227.0	920.0	1.1156155544833901e-08	1.162134904071882e-08	4.20121391696393e-09
26.650224	36.569734375	0	1025.0	784.0	1.0847429985961776e-08	1.618831004410376e-08	7.189529913951553e-09
26.750224	37.834578125	0	1150.0	874.0	1.0716206335205925e-08	1.0565621232970779e-08	4.051339555222744e-09
26.850224	39.055328125	9	935.0	801.0	2.1435308041834744e-08	2.4758018246229806e-08	1.3919027771941705e-08
26.950224	40.501609375	3	1097.0	818.0	3.551874716386877e-08	1.975193558509669e-08	1.702767669675087e-08
27.050224	41.48130092133609	3	1545.0	1315.0	1.8886065952670726e-08	2.7999090528199046e-08	2.4316147170005688e-08
27.150224	38.3705625	1	934.0	755.0	7.108699838182797e-09	1.0107059024170307e-08	1.0940110665715875e-08
27.250224	38.98296875	0	1192.0	935.0	1.723647937590944e-09	1.1265194480751806e-08	9.907848867497514e-09
27.350224	37.739046875	2	1020.0	785.0	1.7236479375912218e-09	1.0737687975027055e-08	8.432630168545564e-09
27.450224	38.649796875	0	1247.0	824.0	1.7236479375912218e-09	1.0098826332341492e-08	1.0379855084064749e-08
27.550224	38.947515625	1	1285.0	898.0	1.723647937590944e-09	1.64215348552349e-08	8.268034885869635e-09
27.650224	42.287234375	6	1179.0	1000.0	1.7236479375912218e-09	2.2136321613400733e-08	1.728683104902068e-08
27.750224	35.543203125	2	990.0	822.0	1.0211809449151288e-08	3.9358227285446466e-09	2.413098923741419e-09
27.850224	37.542921875	0	1092.0	666.0	1.961909592823774e-08	6.5447000240714814e-09	6.158871238222952e-09
27.950224	41.11690693731671	7	974.0	567.0	7.594840144319604e-08	1.2153699365488047e-08	1.3592614680293657e-08
28.050224	36.561125	0	745.0	269.0	1.129734435571822e-08	1.6396242541927286e-09	1.7393120057587753e-09
28.150224	35.08811864562868	8	794.0	462.0	1.9912743991095383e-08	3.804270072531036e-09	2.404335680910308e-09
28.250224	36.58883481704322	1	781.0	568.0	2.452043390466646e-08	4.992955860765869e-09	3.94298308179386e-09
28.350224	36.523890625	1	939.0	704.0	1.9182245115753614e-09	5.122834547602873e-09	3.391728971238739e-09
28.450224	36.7536875	1	1023.0	663.0	1.918224511575084e-09	5.5344997720430115e-09	2.7209485790155584e-09
28.550224	36.46608675805522	1	839.0	663.0	1.9182245115753614e-09	6.451887960030045e-09	6.796728492879101e-09
28.650224	38.5909560546875	3	789.0	563.0	1.918224511575084e-09	7.859358777361214e-09	7.576413269800574e-09
28.750224	39.2348076171875	1	740.0	563.0	1.4624632533243031e-08	8.426780893606157e-09	6.0777444723111865e-09
28.850224	38.80404137712183	3	1143.0	788.0	2.182940760370622e-08	5.650061246002535e-09	3.2679385983144795e-09
28.950224	39.399998046875	0	942.0	723.0	1.0350901910781141e-08	5.2248806505156285e-09	4.0359226958563974e-09
29.050224	39.670874883538	3	835.0	582.0	1.0350901910781419e-08	4.643595576616644e-09	2.73205100407542e-09
29.150224	39.07659862967053	3	975.0	489.0	1.0350901910781141e-08	6.276243516168956e-09	5.150320453187474e-09
29.250224	38.7066318359375	0	899.0	524.0	5.3055995787634756e-09	9.195312356067853e-09	5.5272414464827e-09
29.350224	38.0125224609375	4	729.0	461.0	4.078224860294966e-09	6.691801882835469e-09	4.254122934803373e-09
29.450224	40.723292057489154	1	964.0	764.0	4.078224860294966e-09	1.6474544519189395e-08	7.824574668347794e-09
29.550224	39.0664072265625	3	1447.0	1028.0	1.9936355855399712e-08	1.431363446445566e-08	6.205877770213697e-09
29.650224	39.4990674143527	3	1254.0	913.0	3.476614657871358e-08	1.1962394671450882e-08	3.867672238309916e-09
29.750224	38.10649609375	2	1234.0	914.0	1.8269109075255418e-08	2.271459859276903e-08	1.5578186603326383e-08
29.850224	38.819708984375	0	1099.0	795.0	1.8269109075255696e-08	1.3098420240424958e-08	5.791883040104362e-09
29.950224	40.7286318359375	2	1093.0	991.0	4.324402991576493e-09	2.1099854546979824e-08	1.1205257990360151e-08
30.050224	39.24511328125	0	1160.0	889.0	4.078623786373248e-09	1.7689158526928984e-08	1.4319627443571958e-08
30.150224	40.899318359375	0	994.0	677.0	4.078623786373248e-09	1.3962820527982367e-08	8.550915345116872e-09
30.250224	40.04487636901285	2	979.0	846.0	4.065808857268982e-09	1.6334494025687652e-08	7.359953551715759e-09
30.350224	40.5766865234375	2	1009.0	740.0	4.0503703103847435e-09	1.1876629994841403e-08	9.386768644004118e-09
30.450224	40.527649318650596	2	1073.0	890.0	4.0503703103847435e-09	1.909129843021162e-08	1.896978902234281e-08
30.550224	40.252697265625	0	1401.0	1013.0	4.0503703103847435e-09	1.2986046314667488e-08	7.530679225620507e-09
30.650224	39.259128370753906	1	953.0	710.0	4.0503703103847435e-09	1.5919198039288097e-08	1.1194756461389843e-08
30.750224	41.22082954875	5	1049.0	915.0	2.886451123664424e-08	2.083931212986445e-08	1.3406080124523655e-08
30.850224	39.579169921875	3	1076.0	833.0	4.047338463564754e-09	1.7835713410169206e-08	1.390858746796897e-08
30.950224	39.39960535174251	0	1032.0	879.0	4.047338463565031e-09	1.726055460621101e-08	6.135458222974177e-09
31.050224	38.57589975237411	3	1079.0	713.0	2.9207568086715984e-08	1.0961953026100146e-08	6.678294215515523e-09
31.150224	37.61306313554067	1	776.0	542.0	9.608997184164803e-09	8.463320227031224e-09	5.595806017796301e-09
31.250224	39.91935394024412	4	1091.0	792.0	9.608997184164803e-09	1.1201607866247465e-08	7.0242085151359105e-09
31.350224	40.39953230316689	5	860.0	754.0	5.871645117218632e-08	8.374963098929377e-09	5.909087963892057e-09
31.450224	37.5994921875	1	960.0	784.0	1.1211643936981097e-08	1.0241539448533898e-08	1.2514964546068986e-08
31.550224	40.406906102300994	3	1001.0	605.0	1.3421688708466218e-08	1.365881075971298e-08	1.531800437734765e-08
31.650224	39.6608115234375	2	908.0	643.0	2.5723724648026024e-08	1.506065046694538e-08	9.544582913905697e-09
31.750224	37.961578125	0	931.0	619.0	1.3917995096325575e-08	1.0557570381547476e-08	5.286765539291027e-09
31.850224	36.52463142887721	0	843.0	487.0	2.3588708358024402e-08	1.1795887663378912e-08	7.358298990565726e-09
31.950224	36.43283987143359	0	947.0	670.0	5.995373980578201e-09	1.395792617639502e-08	6.3127863016404494e-09
32.050224	35.708593894145594	1	859.0	578.0	1.248720425432781e-08	9.219973233797196e-09	2.201985623842828e-09
32.150224	35.24750390625	0	904.0	637.0	1.3732586424981263e-08	8.302222087977484e-09	2.6676759283747463e-09
32.250224	35.233546207851454	0	1312.0	1050.0	1.786916659151927e-09	1.0444562575472328e-08	6.4378955759034075e-09
32.350224	34.149888671875	0	1123.0	828.0	1.7869166591516494e-09	1.0050539001177361e-08	4.921084579667112e-09
32.450224	33.6543603515625	0	1127.0	818.0	1.786916659151927e-09	9.704804620147556e-09	5.066770759438455e-09
32.550224	34.17144921875	1	846.0	598.0	1.7869166591516494e-09	7.036748251537661e-09	4.40802510322802e-09
32.650224	33.020560546875	1	942.0	685.0	1.786916659151927e-09	5.065002146961706e-09	2.534784104360199e-09
32.750224	35.5258583984375	0	1433.0	1237.0	1.7869166591516494e-09	6.110746084377894e-09	4.108256320535242e-09
32.850224	34.827054688061416	0	1361.0	1148.0	1.786916659151927e-09	8.755148075710873e-09	7.2213617509714336e-09
32.950224	34.2785322265625	0	765.0	552.0	1.786916659151927e-09	4.469088539361121e-09	2.6819117802126536e-09
33.050224	35.08776953125	0	1115.0	966.0	1.7869166591516494e-09	6.727802681710804e-09	4.279046858804702e-09
33.150224	33.76548046875	0	1205.0	796.0	1.786916659151927e-09	4.42792099388023e-09	2.4175647097557375e-09
33.250224	33.4389296875	1	1020.0	657.0	1.7869166591516494e-09	6.876530123728908e-09	5.986127308217626e-09
33.350224	34.49342678168024	0	799.0	689.0	1.786916659151927e-09	8.498406372101641e-09	5.1527670181120146e-09
33.450224	33.70194064009495	0	1096.0	853.0	1.7869166591516494e-09	6.853200800922554e-09	3.5776875111462326e-09
33.550224	33.97193339656947	0	1375.0	942.0	2.722618985807612e-09	8.561023420540215e-09	2.536256035604867e-09
33.650224	35.254330415401256	0	1322.0	888.0	7.611756840026907e-09	1.1638105093040862e-08	8.662976456158267e-09
33.750224	34.8598046875	3	1074.0	731.0	7.611756840026629e-09	9.114473642320986e-09	5.306292493115206e-09
33.850224	34.618333984375	3	962.0	745.0	7.611756840026907e-09	9.17882570317663e-09	5.26668179212042e-09
33.950224	37.498400548142996	4	1166.0	872.0	3.798111047154107e-09	1.2879432429726e-08	1.106181750311963e-08
34.050224	36.0882001953125	0	782.0	499.0	3.377618798222348e-09	4.5259371242367676e-09	2.9406526842146173e-09
34.150224	37.9492119140625	0	1068.0	661.0	3.377618798222348e-09	8.68637765867708e-09	3.613399368956882e-09
34.250224	36.422560546875	0	1044.0	794.0	3.3776187982226256e-09	6.953832036321606e-09	1.4047832110100632e-09
34.350224	39.14366796875	0	907.0	668.0	3.377618798222348e-09	7.189204483509237e-09	5.543702239058368e-09
34.450224	37.6938662109375	1	895.0	639.0	3.377618798222348e-09	9.830890339657117e-09	7.670222339868638e-09
34.550224	39.123659549120234	3	898.0	715.0	3.3776187982226256e-09	1.7192498003218427e-08	1.0449401860627982e-08
34.650224	37.257320060237284	2	839.0	683.0	3.0290531539825526e-09	9.157708520903807e-09	2.674922618777775e-09
34.750224	39.5674873046875	0	715.0	576.0	2.748563837582929e-09	4.133731406289476e-09	2.059934985544354e-09
34.850224	38.9165625	2	955.0	710.0	2.7485638375832066e-09	6.1734568099008905e-09	2.886852189629141e-09
34.950224	40.4577529296875	3	1061.0	741.0	2.7485638375832066e-09	1.5292621490483605e-08	8.21485868359395e-09
35.050224	39.41426618096416	2	1170.0	852.0	2.748563837582929e-09	8.776915513113992e-09	4.008599689597769e-09
35.150224	39.5295419921875	1	1063.0	783.0	2.7485638375832066e-09	1.7933068616641234e-08	5.837195570591314e-09
35.250224	38.5309606776629	2	1028.0	784.0	4.463040935909268e-08	1.3121820199994415e-08	6.091009051553409e-09
35.350224	37.88998083627352	7	796.0	613.0	1.512134812106658e-08	7.469871376981629e-09	3.0721729489516237e-09
35.450224	39.5215302734375	4	613.0	512.0	4.6481235432602186e-09	5.090003827001865e-09	4.7619528718534366e-09
35.550224	39.20811919261678	2	962.0	800.0	4.6481235432604965e-09	1.8917932954942707e-08	1.2000504888350083e-08
35.650224	40.547379401408456	10	1055.0	889.0	4.6481235432604965e-09	1.8160271049119658e-08	1.1535030640302258e-08
35.750224	40.20587154292865	5	1055.0	760.0	4.6481235432602186e-09	1.8873557543490626e-08	1.1190573630863176e-08
35.850224	37.44263671875	0	977.0	797.0	4.6481235432604965e-09	1.304340941392701e-08	2.5037945127370787e-09
35.950224	36.12471806502782	1	836.0	603.0	6.279944299072971e-09	9.994291572569259e-09	4.210713450957248e-09
36.050224	35.97812109375	2	1040.0	786.0	6.604414760337518e-09	1.4024666564365074e-08	6.7554033658936976e-09
36.150224	36.05346875	0	990.0	772.0	6.604414760337518e-09	1.2058360176547268e-08	3.990107036775936e-09
36.250224	38.5140390625	0	1214.0	955.0	7.219501950517237e-09	1.3798755396867702e-08	4.973275160233271e-09
36.350224	37.868271484375	0	1067.0	742.0	1.2005127642766844e-08	9.849187684808358e-09	4.760238072016309e-09
36.450224	37.7525703125	0	1221.0	925.0	1.1420217721548332e-08	1.2117948759415852e-08	1.0181855036234532e-08
36.550224	37.730826171875	0	1355.0	983.0	4.86617969304437e-10	1.0822616632907844e-08	5.256573308801971e-09
36.650224	37.26644140625	0	915.0	656.0	4.86617969304437e-10	1.2252995835377867e-08	5.301156715865896e-09
36.750224	37.08672265625	2	942.0	713.0	4.86617969304437e-10	5.196509485455025e-09	2.87321867106477e-09
36.850224	37.7200703125	0	1340.0	1093.0	4.86617969304437e-10	6.091789598873243e-09	4.044589765509754e-09
36.950224	36.24910725853121	4	1073.0	755.0	4.86617969304437e-10	1.113285317588919e-08	8.702361167365614e-09
37.050224	38.023924609375	3	968.0	742.0	4.86617969304437e-10	8.852213662817743e-09	7.526299506977196e-09
37.150224	35.21716014834261	5	979.0	673.0	4.86617969304437e-10	6.067291689937915e-09	6.267324877634872e-09
37.250224	37.127716796875	5	1008.0	676.0	4.86617969304437e-10	1.0114851662664238e-08	8.619204658738555e-09
37.350224	35.73777734375	0	1024.0	677.0	4.866179693047146e-10	7.016639913015599e-09	5.007897226456393e-09
37.450224	36.000047590954914	0	1066.0	755.0	4.86617969304437e-10	8.510180586577265e-09	5.439506743381284e-09
37.550224	37.690728515625	0	1107.0	857.0	4.86617969304437e-10	1.4225091399155398e-08	5.886362399823985e-09
37.650224	37.5543447244423	1	969.0	714.0	4.86617969304437e-10	1.7970597704464742e-08	1.2836236992048167e-08
37.750224	36.8248242340237	2	1086.0	858.0	4.86617969304437e-10	1.3196620618530775e-08	8.100021451744043e-09
37.850224	35.917228515625	0	1224.0	879.0	4.86617969304437e-10	7.664070454169725e-09	7.917984345623962e-09
37.950224	38.478314453125	0	1059.0	758.0	4.86617969304437e-10	1.3583254405276079e-08	9.32859888171711e-09
38.050224	36.30633984375	0	935.0	717.0	4.86617969304437e-10	5.6295307755172e-09	4.939656960298855e-09
38.150224	37.4362109375	0	1152.0	829.0	4.86617969304437e-10	1.0720970763066218e-08	1.2381283058588433e-08
38.250224	36.12233064216449	2	1065.0	792.0	4.866179693047146e-10	6.9571821033342914e-09	7.721585218143368e-09
38.350224	33.24827734375	0	840.0	592.0	4.86617969304437e-10	2.396674199158788e-09	7.743001625515333e-10
38.450224	36.81274609375	5	1089.0	733.0	4.86617969304437e-10	1.6331416612596627e-08	4.54746667028827e-09
38.550224	40.569901820295044	0	1302.0	917.0	7.723649187103276e-09	2.181432519122617e-08	1.0525774988082715e-08
38.650224	38.43798046875	2	1192.0	738.0	1.782071102046451e-08	1.3447761243383094e-08	4.1133627924117015e-09
38.750224	37.387525390625	1	1010.0	620.0	4.861737791281296e-10	9.971714896532257e-09	3.5012618358370993e-09
38.850224	38.782501953125	0	1377.0	782.0	1.693594021814876e-08	1.279179642553474e-08	4.129879342215647e-09
38.950224	38.444509765625	0	1294.0	746.0	8.608026649562229e-09	7.946479461801714e-09	5.5021615954686794e-09
39.050224	38.363056640625	0	1118.0	598.0	2.4789588721440824e-08	1.2556389886184127e-08	4.230055414679024e-09
39.150224	40.526544921875	0	941.0	513.0	3.471120923530163e-08	9.23678030087638e-09	4.305854216087868e-09
39.250224	40.85204909752155	3	981.0	717.0	1.7777916879442858e-08	1.6737160030242393e-08	6.2585805483778015e-09
39.350224	41.310238305020285	0	972.0	729.0	6.930866225360322e-09	9.82344531233914e-09	6.484090079240113e-09
39.450224	42.7797392721316	2	1136.0	819.0	5.616430132106553e-09	1.6737982155218266e-08	1.1493509611672504e-08
39.550224	39.01833848920149	2	960.0	681.0	5.616430132107108e-09	6.427974476013732e-09	3.2614753029103216e-09
39.650224	40.6596015625	2	953.0	608.0	3.0192570105438965e-08	9.47513745083728e-09	5.904955127762901e-09
39.750224	39.14557224179802	0	1016.0	747.0	1.1777882520525029e-09	4.104725905424433e-09	5.013559514781552e-09
39.850224	41.09820422088832	1	857.0	557.0	2.505768854894175e-08	7.281869834657173e-09	5.068990081792956e-09
39.950224	40.847228515625	1	875.0	689.0	4.861749019408057e-10	8.357426148954961e-09	7.386170695494187e-09
40.050224	41.112234375	1	839.0	634.0	4.687893540996635e-09	3.95132032034895e-09	5.343209496079804e-09
40.150224	36.069560983074076	2	862.0	616.0	1.7702805260703113e-08	8.639353203760969e-09	3.608606602156783e-09
40.250224	43.89500071307333	1	1031.0	804.0	2.6666346157168674e-08	1.3268341303977471e-08	1.1300872163602649e-08
40.350224	39.3231917804981	2	870.0	548.0	2.9168744881623022e-08	7.3529497391611185e-09	3.838314662705233e-09
40.450224	39.4745703125	8	967.0	634.0	1.0587251344553183e-08	1.1437041296236682e-08	5.544509076698678e-09
40.550224	39.99810528234359	1	1142.0	1060.0	1.058725134455374e-08	6.511357932092454e-09	2.5861776912694535e-09
40.650224	43.76178140562749	4	1173.0	887.0	2.3886521243249303e-09	1.2069271282989513e-08	5.569772901389825e-09
40.750224	42.96955152011547	6	1174.0	839.0	4.862247814252374e-10	1.7379601343792127e-08	5.539759153922464e-09
40.850224	42.524623046875	2	1245.0	1016.0	4.862247814257925e-10	1.0656172753157334e-08	7.0643728808289505e-09
40.950224	41.222859375	1	1192.0	852.0	4.862247814252374e-10	1.7023360843855805e-08	9.216124366657196e-09
41.050224	41.4449107497505	1	1144.0	948.0	2.5056691217425488e-08	1.038676118869708e-08	1.0152123952106296e-08
41.150224	40.5351875	2	1057.0	839.0	1.8766777212664288e-09	8.109765301656524e-09	8.788416409756805e-09
41.250224	40.8800390625	0	898.0	704.0	6.461768255169309e-09	1.0322273286166305e-08	6.6500034503536034e-09
41.350224	40.97871491542431	1	930.0	721.0	6.461768255169309e-09	8.577740363067687e-09	4.5894737046514585e-09
41.450224	40.889650390625	1	880.0	633.0	3.315811850322537e-08	6.760684574854681e-09	4.7703006107763235e-09
41.550224	43.11815234375	0	1246.0	829.0	3.699936358075473e-08	2.0008365985639265e-08	4.217206484250502e-09
41.650224	41.321552734375	3	1035.0	688.0	2.5481766876746527e-08	1.7004413272697083e-08	8.024722788429472e-09
41.750224	41.98310087751778	5	924.0	654.0	1.9799380624001552e-08	7.834623266337327e-09	4.341113051805068e-09
41.850224	38.93801522382973	3	915.0	612.0	6.935586971303365e-09	8.816029703838102e-09	7.10921761334471e-09
41.950224	39.72994402281746	0	855.0	490.0	6.93558697130281e-09	9.611536402637234e-09	4.054471832416473e-09
42.050224	38.70146875	2	780.0	451.0	6.935586971303365e-09	1.1998724831213669e-08	5.683631751052243e-09
42.150224	38.156900390625	0	856.0	611.0	1.7950295115853887e-09	7.323487197309908e-09	9.14839172318882e-09
42.250224	36.851751953125	1	800.0	523.0	4.861886076695798e-10	3.997482719319545e-09	3.5703960238792075e-09
42.350224	39.7938767444462	0	867.0	565.0	3.6878944319262975e-09	5.5265096304968344e-09	2.9580213924873535e-09
42.450224	37.5770830078125	0	885.0	599.0	2.1856116184362228e-08	8.299483082174209e-09	3.385386842518767e-09
42.550224	36.59652734375	0	759.0	531.0	4.862659933657642e-10	5.5649533006163485e-09	1.3688050645499494e-09
42.650224	36.0957392578125	0	752.0	496.0	4.862659933652091e-10	5.4546790636939016e-09	1.0262743057837254e-09
42.750224	35.736966796875	0	841.0	560.0	4.862659933657642e-10	5.279684741237856e-09	2.273663051032271e-09
42.850224	36.8041201171875	2	896.0	602.0	4.862659933657642e-10	4.676966831643758e-09	5.0086054388431835e-09
42.950224	37.00701559349799	3	1216.0	916.0	4.862659933652091e-10	1.629831718246544e-08	8.98528662030218e-09
43.050224	36.4922373046875	0	1070.0	659.0	4.541025031228884e-09	7.358968210993133e-09	3.0478314090809367e-09
43.150224	36.705566802365716	4	820.0	600.0	9.51148253990397e-09	8.456577523330289e-09	6.88208564797288e-09
43.250224	37.578233239194496	6	801.0	587.0	9.511482539903416e-09	6.318009449718387e-09	6.410071276121143e-09
43.350224	37.0638935546875	0	991.0	755.0	1.2069226057638272e-08	7.90851382367619e-09	9.007033353830019e-09
43.450224	35.5943388671875	1	1032.0	788.0	1.5158311047240304e-08	7.461866283635654e-09	5.891572656557264e-09
43.550224	34.53332421875	0	1122.0	741.0	1.276387677495161e-09	6.768337478512687e-09	3.531934658005942e-09
43.650224	34.875001953125	0	1372.0	1117.0	4.86299875919749e-10	6.738118283277638e-09	2.584847959197778e-09
43.750224	35.3024609375	0	1228.0	1111.0	4.862998759191938e-10	1.1111010607977035e-08	6.5440070332722924e-09
43.850224	35.705234375	0	1087.0	1150.0	4.86299875919749e-10	5.553711444941101e-09	3.3197952044689005e-09
43.950224	34.78555201580847	1	861.0	870.0	4.86299875919749e-10	8.138886769561426e-09	4.684964244704992e-09
44.050224	37.1504912109375	2	828.0	704.0	4.862998759191938e-10	5.66974353221783e-09	3.798649194883264e-09
44.150224	37.1218916015625	1	1088.0	828.0	4.86299875919749e-10	1.035197654077058e-08	2.7812162853102506e-09
44.250224	39.22760598996518	0	1060.0	803.0	2.505722207251815e-08	1.1141255294813135e-08	2.801702588474675e-09
44.350224	40.92435274041559	2	1066.0	737.0	2.5056869873619216e-08	1.1882579874989974e-08	2.9296842250847722e-09
44.450224	39.298990234375	3	1093.0	786.0	4.864222570544197e-10	9.737170681435314e-09	7.053380916622332e-09
44.550224	37.672773781391086	2	837.0	474.0	4.864222570544197e-10	7.832065929276322e-09	4.23803771054776e-09
44.650224	37.1124697265625	2	776.0	488.0	4.864222570538645e-10	7.105363301331269e-09	2.0678523010575487e-09
44.750224	43.11196173734026	0	1257.0	770.0	4.864222570544197e-10	1.0262698117532443e-08	3.5258475916166707e-09
44.850224	41.73606230115039	7	1118.0	692.0	4.864222570538645e-10	7.840058906343206e-09	5.487058697699609e-09
44.950224	43.4843134765625	6	849.0	580.0	4.864222570544197e-10	2.4820703337102846e-09	1.337208934096279e-09
45.050224	37.917478515625	2	1009.0	659.0	4.864222570544197e-10	7.717796772219731e-09	2.7493254571653303e-09
45.150224	39.6078525390625	1	1029.0	730.0	4.864222570538645e-10	1.5333819431788133e-08	5.175667456824851e-09
45.250224	35.5789248046875	3	1008.0	697.0	4.864222570544197e-10	7.682732919477297e-09	5.5994893084704286e-09
45.350224	37.1352177734375	0	1026.0	817.0	4.864222570538645e-10	1.0835754769254469e-08	8.610989621234966e-09
45.450224	36.5553955078125	0	1139.0	854.0	4.864222570544197e-10	9.276405866581184e-09	6.780838595923932e-09
45.550224	35.6958876953125	0	1022.0	832.0	2.8941139259265336e-08	7.491907469016624e-09	5.2949034641403e-09
45.650224	38.233646484375	2	883.0	693.0	2.129447865376166e-08	1.0429440449233329e-08	5.666146296195995e-09
45.750224	38.8421806640625	0	959.0	705.0	1.927650362189004e-09	9.189462054441377e-09	4.213212920504139e-09
45.850224	37.7839619140625	0	1047.0	610.0	5.3318459152712495e-09	7.307234493770798e-09	2.502991951424116e-09
45.950224	40.6321689453125	0	964.0	665.0	1.293554845447742e-08	9.044695130570602e-09	2.1033605970854906e-09
46.050224	38.274513671875	0	847.0	532.0	1.293554845447742e-08	6.433049282930092e-09	1.5066032612454095e-09
46.150224	41.5816083984375	0	880.0	600.0	3.30947184799979e-09	7.258379009988381e-09	2.6477534029734073e-09
46.250224	40.901280078514844	0	1104.0	803.0	2.480830937613976e-09	1.3945623976877598e-08	4.885477336719069e-09
46.350224	40.085371642199036	2	754.0	483.0	2.4808309376134206e-09	8.054192654646796e-09	8.340855997307494e-09
46.450224	38.5560078125	0	517.0	351.0	2.4808309376134206e-09	1.4615797272937714e-09	8.982280375224861e-10
46.550224	37.82009375	0	512.0	315.0	2.480830937613976e-09	2.1350547597104306e-09	8.649540757549312e-10
46.650224	38.75348318365103	0	600.0	369.0	2.4808309376134206e-09	2.410382057785876e-09	5.241587861876118e-10
46.750224	41.6676328125	0	704.0	401.0	2.4808309376134206e-09	4.7891559696805475e-09	1.2574529278502888e-09
46.850224	48.35499328323076	9	973.0	635.0	2.705202198261647e-08	1.4955923198141097e-08	1.1151967313313138e-08
46.950224	42.82287109375	4	1123.0	531.0	1.3901433194463686e-08	8.015489598698355e-09	6.3322997620252065e-09
47.050224	43.41553302274255	0	995.0	735.0	1.2799267979906604e-08	8.012548050532753e-09	2.9431740043989187e-09
47.150224	44.4309873046875	1	1083.0	773.0	1.964030514584436e-08	1.2521332281571485e-08	9.194068900318931e-09
47.250224	44.7389970703125	0	1052.0	834.0	5.9048115863624686e-09	1.357101276819761e-08	6.276398051991427e-09
47.350224	40.941394743018314	2	819.0	502.0	4.8637074610558e-10	4.435842073681751e-09	4.521722316829235e-09
47.450224	44.98573489618823	2	1080.0	725.0	4.86370746106135e-10	7.513434452264822e-09	8.10711108742368e-09
47.550224	46.44299859858248	1	1172.0	823.0	4.8637074610558e-10	7.51464557967041e-09	8.06271931725111e-09
47.650224	38.64253125	6	1324.0	1080.0	4.86370746106135e-10	3.993633615184123e-09	3.5542247120484704e-09
47.750224	40.064682482937314	3	1075.0	806.0	4.86370746106135e-10	4.259780253920709e-09	7.153271920096738e-09
47.850224	40.73441796875	0	863.0	495.0	4.8637074610558e-10	1.915197329361851e-09	1.327506156199587e-09
47.950224	43.08085867034314	3	889.0	629.0	4.86370746106135e-10	5.865963778193262e-09	3.538917138271036e-09
48.050224	46.60720335728034	5	1228.0	663.0	4.8637074610558e-10	1.0930592329680411e-08	5.190645006720173e-09
48.150224	45.74858130956745	1	1176.0	661.0	4.86370746106135e-10	7.058581422242916e-09	2.6129735891389228e-09
48.250224	43.430979252056005	4	1120.0	770.0	2.5056656319564776e-08	1.2627119084830385e-08	1.2776187038414655e-08
48.350224	39.73734375	8	853.0	630.0	4.863981925506966e-10	5.176097477941899e-09	2.605188252343682e-09
48.450224	44.59603515625	1	1171.0	797.0	4.863981925501415e-10	5.860486636046769e-09	3.982704175307106e-09
48.550224	43.667509765625	2	1037.0	813.0	4.863981925501415e-10	9.650972843319172e-09	4.366335253798703e-09
48.650224	42.1431513671875	0	1183.0	776.0	4.863981925501415e-10	1.1375455140749669e-08	3.6812861742319126e-09
48.750224	43.00666015625	0	1090.0	771.0	4.863981925501415e-10	1.0680960148327645e-08	3.9358684444801285e-09
48.850224	41.4459228515625	0	950.0	482.0	4.863981925501415e-10	4.678282125626932e-09	2.8729761967877245e-09
48.950224	40.85056083039314	6	1074.0	568.0	4.863981925501415e-10	7.226078532568403e-09	8.52571163497129e-09
49.050224	46.8316806640625	11	1330.0	987.0	4.863981925506966e-10	1.3347197180379466e-08	9.152149782498676e-09
49.150224	44.752819942554204	3	990.0	730.0	4.863981925501415e-10	9.431928322650162e-09	1.4083000876537467e-08
49.250224	49.5762119140625	1	970.0	652.0	4.863981925501415e-10	6.521659118862711e-09	7.042687889426969e-09
49.350224	42.314643633958035	3	1308.0	827.0	4.863981925501415e-10	1.0622669081987724e-08	1.0393256362409286e-08
49.450224	42.168486742339006	1	1082.0	740.0	2.8352822485594455e-08	1.1716178899618401e-08	1.082907481212314e-08
49.550224	42.10596440455462	4	1296.0	916.0	6.288312189199341e-09	1.180533389024907e-08	1.0729384240061313e-08
49.650224	38.50987302023216	0	728.0	528.0	6.288312189199896e-09	1.6040236456854596e-09	5.697256859515942e-10
49.750224	48.27485546875	0	1265.0	848.0	6.288312189199341e-09	1.204704477217211e-08	1.2316722939704206e-08
49.850224	43.213337996586326	4	1287.0	812.0	3.5404852932042766e-08	1.1211258329312801e-08	1.5620140416309214e-08
49.950224	43.84087890625	0	1134.0	627.0	4.313208171943916e-08	1.1542024061024225e-08	1.242582262583336e-08
50.050224	40.8760947265625	0	1022.0	652.0	3.953860096635453e-09	8.955174520390852e-09	5.912307206665801e-09
50.150224	40.8681015625	0	1097.0	747.0	3.68243040360533e-08	8.967975172874953e-09	7.420156135725109e-09
50.250224	39.83704296875	1	1267.0	836.0	9.947768837737515e-09	9.43660664159629e-09	1.0116766116644582e-08
50.350224	40.604751953125	0	1152.0	776.0	5.911141744696647e-10	7.356404630404767e-09	8.365599033436922e-09
50.450224	38.84442637419872	1	1108.0	769.0	5.911141744702198e-10	9.78037548423738e-09	5.195828415744952e-09
50.550224	37.17066796875	4	1192.0	852.0	5.911141744696647e-10	7.444537307500499e-09	3.2696884741728604e-09
50.650224	37.7969580078125	0	843.0	711.0	5.911141744702198e-10	4.3154156719782396e-09	2.734328920952489e-09
50.750224	38.842205078125	0	1157.0	799.0	5.911141744696647e-10	3.736556333902575e-09	2.0395484463192613e-09
50.850224	38.164660397046234	0	912.0	622.0	5.911141744696647e-10	7.099864855943383e-09	3.3217452366851584e-09
50.950224	37.63165728007277	0	933.0	625.0	5.911141744702198e-10	3.6606817078099762e-09	5.415631086684303e-09
51.050224	38.31802356159885	0	991.0	729.0	5.911141744696647e-10	3.0400926154960926e-09	2.0801403431319755e-09
51.150224	36.1204072265625	0	723.0	512.0	5.911141744702198e-10	2.1341570745353477e-09	1.314261867774169e-09
51.250224	35.457423828125	5	1085.0	722.0	5.911141744696647e-10	4.721107654299117e-09	2.2029716131805043e-09
51.350224	37.57475390625	0	936.0	559.0	5.911141744696647e-10	3.2917546745342417e-09	4.543001972693306e-09
51.450224	37.1546767578125	0	1036.0	672.0	5.911141744702198e-10	3.905482716850539e-09	4.453182405707579e-09
51.550224	38.465291015625	1	1037.0	727.0	5.911141744696647e-10	3.912177349597035e-09	3.749269737165495e-09
51.650224	40.2522958984375	0	859.0	539.0	5.911141744696647e-10	5.018247621508265e-09	2.3925586356687843e-09
51.750224	47.172822015759756	5	1089.0	683.0	1.3388308325957832e-08	9.801182554672327e-09	6.874335295090073e-09
51.850224	34.785598511330726	1	507.0	296.0	1.2258728124807105e-08	2.0438023673158278e-09	4.865002842244781e-09
51.950224	37.633130859375	0	735.0	623.0	4.3153988567912195e-10	6.370270438963987e-09	5.0441094440695225e-09
52.050224	43.30004296875	0	1067.0	795.0	4.3153988567912195e-10	1.003894115930437e-08	8.938381670619e-09
52.150224	42.602685546875	1	1290.0	740.0	4.3153988567912195e-10	8.799931299369734e-09	6.6860123081585734e-09
52.250224	41.534390625	0	1078.0	756.0	4.3153988567912195e-10	9.795661897430974e-09	6.15729344396021e-09
52.350224	41.534892578125	0	1155.0	789.0	4.315398856785668e-10	1.2468368047756084e-08	4.158760459960775e-09
52.450224	41.03542578125	1	1432.0	1029.0	4.3153988567912195e-10	1.1032168536654342e-08	4.855161279440634e-09
52.550224	39.675722973179376	0	1149.0	857.0	4.3153988567912195e-10	9.152854291401002e-09	5.222614092323385e-09
52.650224	35.651541015625	3	1054.0	800.0	4.3153988567912195e-10	5.1249142790621425e-09	2.4201192854528265e-09
52.750224	37.49783126851427	0	955.0	715.0	4.3153988567912195e-10	7.0715420627665004e-09	4.475058763321882e-09
52.850224	37.413873046875	0	1205.0	988.0	4.3153988567912195e-10	5.14304529007914e-09	5.152031330959983e-09
52.950224	35.796703992737356	0	1142.0	1003.0	4.3153988567912195e-10	7.690926031264089e-09	4.988525652504516e-09
53.050224	35.9214716796875	0	1104.0	767.0	4.3153988567912195e-10	5.248053443901446e-09	2.877239886405203e-09
53.150224	38.0627724609375	0	1031.0	903.0	4.315398856785668e-10	5.192734212351446e-09	6.482999378204513e-09
53.250224	38.329908203125	0	1296.0	1280.0	4.3153988567912195e-10	8.899128019395074e-09	6.566657622569249e-09
53.350224	40.3032080078125	0	1173.0	917.0	4.3153988567912195e-10	6.6064865732085035e-09	4.0845449237641996e-09
53.450224	40.832708969086355	1	1250.0	1034.0	4.3153988567912195e-10	1.0529920846138462e-08	4.82041253771992e-09
53.550224	37.8570830078125	1	861.0	637.0	4.3153988567912195e-10	6.25858758200204e-09	3.068783905322836e-09
53.650224	37.9956298828125	9	945.0	784.0	1.4964506956294255e-09	7.786390204267413e-09	4.3806634471244e-09
53.750224	44.817987604447694	2	988.0	876.0	1.3397976064381534e-08	9.034259759664875e-09	5.907117361095837e-09
53.850224	43.3584169921875	1	1190.0	852.0	1.565028912354993e-08	6.610850666759482e-09	7.483755536135118e-09
53.950224	46.521205078125	0	1325.0	975.0	2.234280096027885e-09	1.3723752182617233e-08	7.13454295584226e-09
54.050224	45.41325699965708	2	1236.0	906.0	2.2342800960284402e-09	8.6710289398384e-09	7.519207622746493e-09
54.150224	43.74366453622389	1	1310.0	1070.0	2.234280096027885e-09	1.0394604806073237e-08	7.338262539811069e-09
54.250224	44.16948320630151	0	1435.0	1185.0	2.234280096027885e-09	1.2224010613380853e-08	1.1279105893614583e-08
54.350224	48.76780316032708	3	1661.0	1147.0	5.150992965929358e-08	2.0594430156373188e-08	1.2022217419275783e-08
54.450224	50.96937207007967	0	1429.0	1152.0	2.2328073248911726e-09	1.719162863726087e-08	8.907599049521875e-09
54.550224	47.692338765566255	3	1298.0	850.0	2.6808823327025834e-08	1.1966567161418862e-08	8.722040954825538e-09
54.650224	48.2883173828125	1	1377.0	1055.0	2.2337226935409404e-09	9.513205377869039e-09	1.0963117569078306e-08
54.750224	48.4962255859375	2	1652.0	1300.0	2.2337226935409404e-09	1.3985304180766933e-08	1.0234338654697139e-08
54.850224	45.546502732386436	3	1401.0	947.0	2.515523956588828e-09	1.4371903205275816e-08	5.636331334922251e-09
54.950224	47.58266978441166	6	1486.0	1041.0	2.6530582684139436e-08	1.42795021377351e-08	6.54522532319457e-09
55.050224	48.08809375	9	1845.0	1199.0	4.6485140718088847e-10	1.6257947515305737e-08	8.679374785574013e-09
55.150224	48.6920625	1	1772.0	1303.0	4.3131988043731974e-10	7.631900139507542e-09	7.354222770787344e-09
55.250224	50.03251939569587	2	1635.0	1261.0	4.3131988043731974e-10	1.4855030056756258e-08	1.2331377724099645e-08
55.350224	48.73358827850214	2	1474.0	908.0	4.3131988043731974e-10	1.2765394505245275e-08	1.265859179476747e-08
55.450224	40.97066844386265	3	915.0	256.0	4.3131988043787483e-10	3.1936368095797362e-09	4.749938220889316e-09
55.550224	52.264203125	1	1412.0	997.0	4.3131988043731974e-10	9.645759925392961e-09	7.912195120183262e-09
55.650224	54.569640060744184	2	2002.0	1424.0	2.26393967893318e-08	1.3648785816748887e-08	8.023944781463399e-09
55.750224	53.26751889448925	2	1722.0	1378.0	2.7362118696435123e-08	1.616349666049399e-08	1.5148650202562175e-08
55.850224	51.14427605205987	4	1707.0	1335.0	1.9030604715616907e-08	1.7773069782952567e-08	2.0938312526077028e-08
55.950224	47.130638671875	0	1316.0	954.0	6.404194287224496e-09	7.171498395094344e-09	1.0145359896308048e-08
56.050224	46.491996567766854	0	1463.0	1114.0	4.31246221356818e-10	8.654352313539616e-09	1.4687055624015289e-08
56.150224	45.323228515625	1	1593.0	1099.0	1.687849357458693e-08	7.822435311821697e-09	1.3623812122864898e-08
56.250224	42.74116015625	0	1294.0	1058.0	2.6221456228797125e-08	6.00293873021851e-09	2.58293165519341e-09
56.350224	47.299125	0	1495.0	1469.0	7.337626257662988e-09	5.660160278764259e-09	6.512531103375907e-09
56.450224	49.640875754128665	2	1630.0	1472.0	4.312883903528908e-10	1.0467903167157289e-08	2.3578790885379063e-08
56.550224	48.73064119612257	0	1571.0	1596.0	4.312883903523357e-10	2.2413410874645436e-08	1.6143885847643703e-08
56.650224	43.139115234375	0	1012.0	1204.0	4.312883903528908e-10	6.106631909765792e-09	5.130543685356037e-09
56.750224	40.24280249316611	16	709.0	585.0	3.746230760499624e-09	4.641190933587502e-09	5.218424224336382e-09
56.850224	39.2691015625	3	851.0	549.0	2.1688335889803455e-08	4.916005602211282e-09	3.5458761451295785e-09
56.950224	40.136671875	17	1206.0	939.0	4.314788328163566e-10	6.446385215093109e-09	6.1528224534868056e-09
57.050224	37.4375712890625	2	887.0	686.0	4.3147883281691167e-10	5.318992575560344e-09	1.7322360494809175e-09
57.150224	36.21348717661054	6	948.0	723.0	4.3147883281691167e-10	1.0742101002522153e-08	1.99687001914306e-09
57.250224	36.6387462347805	2	1045.0	813.0	4.314788328163566e-10	9.019142186624807e-09	4.4309562748678925e-09
57.350224	37.4629501953125	1	1025.0	739.0	4.3147883281691167e-10	4.83563911702678e-09	2.939768698334011e-09
57.450224	38.008818359375	0	972.0	737.0	4.3147883281691167e-10	5.448856269499869e-09	4.850352652725487e-09
57.550224	40.46480462881823	3	941.0	734.0	4.3147883281691167e-10	9.708761432020153e-09	7.911848926976383e-09
57.650224	39.100494140625	3	1169.0	817.0	4.314788328163566e-10	1.1630736651182527e-08	7.744935715710554e-09
57.750224	41.314525524108554	0	1055.0	777.0	4.3147883281691167e-10	1.2897654176435846e-08	4.4010649940739996e-09
57.850224	38.2493125	5	941.0	560.0	4.3147883281691167e-10	7.76633868342258e-09	1.6000335809057687e-09
57.950224	39.703502897614314	0	994.0	594.0	4.314788328163566e-10	4.670661753241046e-09	2.0801830178468484e-09
58.050224	40.21748042581477	2	817.0	496.0	4.3147883281691167e-10	9.266196978500175e-09	4.840788559428711e-09
58.150224	38.414015081926514	0	1072.0	653.0	4.3147883281691167e-10	4.373538589815818e-09	4.4826005588055605e-09
58.250224	37.303625	0	999.0	525.0	4.314788328163566e-10	3.7883438682650985e-09	2.0584719325361655e-09
58.350224	40.1104375	0	990.0	752.0	2.5002221654181755e-08	3.56499226594198e-09	2.182579259755735e-09
58.450224	39.54184375	2	919.0	625.0	4.3132678565538373e-10	5.098212536057689e-09	1.9452583296802882e-09
58.550224	34.22859375	2	635.0	369.0	4.3132678565538373e-10	5.709218374749803e-10	7.958346831243857e-10
58.650224	37.781414662084764	3	841.0	571.0	4.3132678565538373e-10	6.431529077359777e-09	3.7119764937232348e-09
58.750224	41.46483438328912	7	943.0	716.0	4.3132678565538373e-10	7.149364678303849e-09	4.187918556652903e-09
58.850224	38.882440827749235	6	918.0	736.0	4.3132678565538373e-10	2.3505614106977823e-09	1.8041910223842715e-09
58.950224	36.2061875	1	604.0	368.0	4.3132678565538373e-10	1.1015537602931946e-09	9.528792904461846e-10
59.050224	41.01793668774513	3	1048.0	647.0	3.813358756362683e-09	1.343644017929857e-08	4.984213374757962e-09
59.150224	36.91525	1	762.0	482.0	8.656712807755818e-09	3.3545224704667476e-09	1.2970668592149349e-09
59.250224	38.20557769996454	1	922.0	631.0	8.656712807756372e-09	5.248721875256157e-09	6.177689453426005e-09
59.350224	38.868650390625	0	1203.0	902.0	7.186057363268716e-09	9.332570391044071e-09	5.719825770889031e-09
59.450224	36.779671875	0	842.0	496.0	5.182614148380171e-09	3.630715112724614e-09	2.081286933434123e-09
59.550224	36.53059765625	0	970.0	547.0	5.182614148379616e-09	8.727666064056728e-09	2.986214228337114e-09
59.650224	36.030453960584474	0	1402.0	1054.0	5.182614148380171e-09	6.718223060995232e-09	7.418076963816023e-09
59.750224	35.160857421875	0	1075.0	761.0	5.182614148379616e-09	7.616996427990407e-09	4.573067108201711e-09
59.850224	33.945375	0	1341.0	895.0	3.995777549450353e-09	6.182633539677518e-09	5.5797703024840215e-09
59.950224	33.648462890625	0	1143.0	891.0	4.312766291447723e-10	5.402227096209522e-09	4.115503683813637e-09
60.050224	34.193267578125	0	1082.0	715.0	4.312766291453274e-10	5.446956781953727e-09	3.259205947003796e-09
60.150224	34.5875570572407	1	1160.0	803.0	4.312766291447723e-10	5.836096330532614e-09	3.01641735313829e-09
60.250224	35.505125	0	1218.0	716.0	5.096951157078089e-09	6.058182354066188e-09	5.739732347629367e-09
60.350224	33.90748828125	0	1106.0	767.0	1.5407922627710957e-08	5.7397378929358036e-09	3.6767137483212363e-09
60.450224	35.316794921875	0	1097.0	813.0	1.2865937339143208e-08	4.154300303577108e-09	3.7129237887079114e-09
60.550224	36.027878922583824	1	827.0	626.0	3.666651086984274e-09	3.670821869701246e-09	4.0087168596902865e-09
60.650224	35.079615234375	3	757.0	563.0	3.666651086984274e-09	3.085716211040923e-09	1.6776997745671095e-09
60.750224	35.228943359375	1	1349.0	715.0	3.666651086984274e-09	2.3672376506089777e-09	1.8260862759411633e-09
60.850224	35.843291015625	3	1018.0	420.0	3.666651086984274e-09	1.4429449046582388e-09	1.9241100764572084e-09
60.950224	36.410404391413486	1	959.0	677.0	3.666651086984274e-09	3.072169925426582e-09	2.275656361480638e-09
61.050224	36.916990234375	0	928.0	683.0	1.341076717624734e-09	4.34448924615749e-09	2.620387534671975e-09
61.150224	35.385052734375	1	879.0	790.0	4.313394338911758e-10	3.213002624620209e-09	2.9911153791778445e-09
61.250224	36.8822421875	0	762.0	721.0	4.313394338917309e-10	4.7483933352932e-09	3.615993420282848e-09
61.350224	35.0603359375	1	789.0	618.0	4.313394338911758e-10	3.0079432565088825e-09	2.4222556740877142e-09
61.450224	34.91385546875	1	804.0	544.0	4.313394338911758e-10	1.741437466571405e-09	2.0205472030826453e-09
61.550224	36.09418359375	0	1074.0	1015.0	4.313394338917309e-10	3.884267605562819e-09	1.1144379422967087e-08
61.650224	34.42145703125	0	725.0	483.0	4.313394338911758e-10	1.1634698468776515e-09	7.248958445843501e-10
61.750224	37.380062304893855	2	986.0	802.0	5.410639861479494e-09	8.284043210451398e-09	6.05817315587398e-09
61.850224	36.3740390625	1	1148.0	1022.0	1.2726515560090856e-08	1.9360444769600525e-09	2.5450642377194967e-09
61.950224	37.97005956325301	5	923.0	593.0	7.730933367445237e-09	6.67319000138944e-09	1.3843978426958393e-09
62.050224	39.611646484375	6	979.0	820.0	2.5002146822894478e-08	6.957319162885778e-09	3.80756128109172e-09
62.150224	37.48669921875	0	980.0	701.0	4.3126872104448653e-10	5.2968027666089324e-09	2.8677469603988204e-09
62.250224	37.18054686389503	1	809.0	620.0	4.3126872104448653e-10	7.891581958799908e-09	5.979514197542169e-09
62.350224	35.360775390625	0	935.0	713.0	5.396108500782537e-10	3.878767266402017e-09	3.0836760276953257e-09
62.450224	35.2918828125	1	959.0	669.0	1.6680510159428063e-09	4.49100234798161e-09	2.4670610958893445e-09
62.550224	34.59645703125	5	875.0	519.0	1.6680510159433616e-09	3.703754451963581e-09	2.045349291849297e-09
62.650224	35.588443359375	0	1215.0	905.0	1.6680510159428063e-09	5.6693998946943935e-09	5.667858848633634e-09
62.750224	35.634111328125	1	1034.0	686.0	1.6680510159433616e-09	2.967168682062038e-09	1.5338878614318262e-09
62.850224	37.121521484375	0	1126.0	628.0	1.6680510159428063e-09	3.83912258791419e-09	2.7079549443354e-09
62.950224	37.46357558225236	1	1092.0	758.0	1.6680510159433616e-09	6.583224629846951e-09	6.0160049205204566e-09
63.050224	37.600416015625	3	1042.0	649.0	2.6238658919937597e-08	5.492451948346799e-09	4.743377960135798e-09
63.150224	38.160640625	0	1151.0	861.0	1.583784745669614e-08	9.357832984467907e-09	4.2775081278673135e-09
63.250224	34.6798984375	0	1003.0	692.0	1.2005792056187237e-08	3.602972536648208e-09	3.179436947406411e-09
63.350224	35.477630859375	0	788.0	543.0	1.3933135776461602e-09	5.822409638720494e-09	3.4671382060430523e-09
63.450224	35.7821171875	0	830.0	439.0	1.3933135776461602e-09	4.070406076838173e-09	2.3805779438107466e-09
63.550224	36.714734375	0	964.0	533.0	1.3933135776467155e-09	5.1343602379305685e-09	1.7628752617293576e-09
63.650224	37.904681640625	1	1156.0	568.0	1.3933135776461602e-09	7.110989620943142e-09	2.1841078519330148e-09
63.750224	37.664033203125	0	942.0	688.0	1.3933135776467155e-09	4.707619875335967e-09	2.4764679878735984e-09
63.850224	40.397755859375	0	1149.0	690.0	1.3933135776461602e-09	6.711512355834781e-09	4.589480374773691e-09
63.950224	39.128534689581485	1	1094.0	642.0	2.596572260680552e-08	8.259986786355312e-09	7.42600216695477e-09
64.050224	37.278578125	0	945.0	621.0	1.3922434222696234e-09	5.154007857250953e-09	3.197590537366568e-09
64.150224	44.152151250562056	2	1552.0	1097.0	3.314608616514281e-08	1.6392315106922296e-08	1.6926060571617053e-08
64.250224	45.0145645607423	3	1330.0	917.0	1.1762663739234291e-08	1.5073897320531104e-08	7.240603490206165e-09
64.350224	41.25402734375	0	1109.0	680.0	9.071540337165507e-09	5.6061634104676016e-09	2.514397547033198e-09
64.450224	42.19224226650281	0	1100.0	588.0	5.994535570025272e-10	5.927071945118767e-09	4.414053423715814e-09
64.550224	38.998	0	882.0	540.0	3.4572785116310232e-09	4.733401341774357e-09	3.951348878998284e-09
64.650224	42.517577993681314	4	937.0	593.0	9.362349499587586e-09	7.019816516716793e-09	4.453703473744075e-09
64.750224	43.214289918596755	1	964.0	644.0	9.362349499587586e-09	7.408258948666813e-09	1.938115205728508e-09
64.850224	38.78589681624746	5	701.0	370.0	9.36234949958814e-09	2.801302770201186e-09	2.7034675593540227e-09
64.950224	41.65922303014281	1	1016.0	574.0	8.068174018236451e-09	9.600213344652664e-09	1.2868535843002516e-09
65.050224	39.6072822265625	0	785.0	619.0	2.9469651673069696e-09	6.286873338325894e-09	3.736485438067816e-09
65.150224	36.30853110689354	2	630.0	385.0	2.9469651673069696e-09	3.0807639246865916e-09	3.315294446081807e-09
65.250224	35.629453125	1	687.0	363.0	2.9469651673069696e-09	1.6676872204013372e-09	1.5113411587275306e-09
65.350224	35.389830078125	0	717.0	301.0	2.9469651673069696e-09	2.2118941722470974e-09	2.0262849043162223e-09
65.450224	35.6397451171875	1	830.0	365.0	2.9469651673069696e-09	3.6610025693706307e-09	2.859323832231642e-09
65.550224	37.69273386905853	0	973.0	611.0	2.0610612370630663e-09	4.624256244392111e-09	4.196547357407377e-09
65.650224	36.129193359375	0	832.0	558.0	6.017529098772956e-10	3.161474822531707e-09	2.9792805654238474e-09
65.750224	35.7219921875	0	900.0	605.0	2.6111072956791493e-09	1.8642071416596905e-09	2.3178062087264584e-09
65.850224	40.42001064839336	5	870.0	613.0	7.646433994623614e-09	3.6743874319744575e-09	3.244843588051105e-09
65.950224	40.09985631011215	6	989.0	677.0	7.646433994623614e-09	6.640089781083658e-09	3.2824983711876586e-09
66.050224	41.070291015625	4	896.0	712.0	7.646433994623614e-09	5.608863652712958e-09	5.018205859037006e-09
66.150224	41.77464730671486	2	1101.0	836.0	2.3450086075793574e-09	5.323541962313216e-09	8.750953827444397e-09
66.250224	38.92083880131965	5	1282.0	1058.0	6.020057194550121e-10	4.1407073870625146e-09	4.316736370804652e-09
66.350224	37.41958584952346	2	1074.0	1000.0	6.02005719454457e-10	4.32594652391427e-09	5.900513449753064e-09
66.450224	36.4655642022544	0	923.0	690.0	6.02005719454457e-10	3.2445796715152575e-09	4.030278936320575e-09
66.550224	39.40710448882282	2	1125.0	867.0	6.02005719454457e-10	5.5369974624708274e-09	4.016674679729326e-09
66.650224	38.590845161863086	0	890.0	736.0	6.02005719454457e-10	7.119884927319076e-09	5.7353318000091805e-09
66.750224	37.8125517578125	1	1000.0	639.0	6.02005719454457e-10	3.742088853271319e-09	2.0500706616566333e-09
66.850224	38.432716115877426	0	1169.0	732.0	6.02005719454457e-10	4.007036139972442e-09	3.3325598222516683e-09
66.950224	40.12513626434949	1	1132.0	597.0	6.02005719454457e-10	4.40324646309942e-09	3.5327074394381207e-09
67.050224	39.3461298828125	2	1146.0	717.0	5.0354998035888054e-08	4.874561227002916e-09	3.897510300064355e-09
67.150224	41.05860913970886	0	1073.0	795.0	6.02014601203682e-10	8.938262367266248e-09	5.106593837379547e-09
67.250224	38.6705576171875	0	901.0	483.0	6.02014601203682e-10	4.829793931735437e-09	1.1598717908856138e-09
67.350224	37.384720703125	1	1062.0	501.0	6.02014601203682e-10	3.928627228679815e-09	2.10274838736757e-09
67.450224	36.6461015625	0	915.0	521.0	6.02014601203682e-10	3.190044947378734e-09	1.837936887786884e-09
67.550224	39.01274193327627	1	1007.0	703.0	6.02014601203682e-10	6.96873929309727e-09	3.694312774910058e-09
67.650224	38.667611784594754	1	988.0	625.0	6.02014601203682e-10	4.8393107497013425e-09	4.796361437298114e-09
67.750224	38.051201171875	0	899.0	555.0	6.020146012042371e-10	1.8846261081406636e-09	3.318874983775366e-09
67.850224	38.625515139726645	0	1097.0	672.0	6.02014601203682e-10	4.329209341935591e-09	7.815106172279761e-09
67.950224	39.950572265625	0	850.0	545.0	6.02014601203682e-10	2.2418029039450447e-09	2.5730118311911852e-09
68.050224	41.19347255305162	0	834.0	577.0	1.7157030273540209e-09	3.4578473109869723e-09	2.1361849508660936e-09
68.150224	42.642042763675505	2	1186.0	840.0	2.0767665459975325e-09	4.409796487523377e-09	3.3495370429631467e-09
68.250224	46.273593462211444	2	1393.0	1147.0	2.783817278808609e-09	6.919449156480573e-09	5.7823255985550715e-09
68.350224	42.1114787746029	2	1076.0	939.0	3.7722911924342736e-09	7.725873060642207e-09	4.8799823616596516e-09
68.450224	43.37397265625	0	1132.0	841.0	3.7722911924342736e-09	3.5487317528726247e-09	4.266613143583675e-09
68.550224	45.092957638962815	1	947.0	676.0	3.7722911924342736e-09	5.577943644204941e-09	4.074453381640031e-09
68.650224	45.259134765625	1	1194.0	847.0	3.7722911924342736e-09	2.3412355637553174e-09	3.186843913964288e-09
68.750224	45.379298002462235	1	1381.0	873.0	3.7722911924348294e-09	4.381593719247068e-09	5.701479951862875e-09
68.850224	46.83911520544895	1	1342.0	963.0	3.7722911924342736e-09	4.848539546622454e-09	7.935474436333024e-09
68.950224	46.394310958255936	1	1275.0	1068.0	1.778121589942505e-08	5.535147824961007e-09	5.8698413515634314e-09
69.050224	46.08216940730388	1	1282.0	923.0	1.4651844016912442e-08	5.846686591423067e-09	4.69297515451883e-09
69.150224	50.10508354482632	0	1030.0	604.0	3.772324704884311e-09	1.9624074253665747e-09	3.720935966876615e-09
69.250224	44.40392395247729	7	795.0	573.0	3.772324704883756e-09	5.57276100484283e-09	6.058687734664669e-09
69.350224	43.762264316766924	8	940.0	610.0	3.772324704883756e-09	4.08793170707078e-09	5.847509417166164e-09
69.450224	41.620541015625	0	848.0	580.0	3.772324704884311e-09	3.412534293104619e-09	3.6660444079361644e-09
69.550224	43.80790469825093	1	3465.0	3857.0	3.772324704883756e-09	2.113552398889773e-08	2.9677096814795246e-08
69.650224	40.776171934185605	1	1362.0	1386.0	3.772324704884311e-09	9.682236204707762e-09	1.846167882733174e-08
69.750224	39.43642475052128	2	814.0	750.0	2.5746269928006436e-09	4.613955990722118e-09	8.3478068826065e-09
69.850224	39.18206537701896	0	1065.0	972.0	2.0796571449149814e-09	7.103207271136336e-09	5.74653432829142e-09
69.950224	39.95909737824611	3	1024.0	834.0	2.0796571449144263e-09	5.5323662442530176e-09	5.777909588061125e-09
70.050224	38.282897648412806	1	995.0	954.0	2.0796571449149814e-09	6.454954677242997e-09	6.162033008155765e-09
70.150224	39.4988807877994	9	1145.0	920.0	2.0796571449144263e-09	6.130568463261765e-09	1.3739378285231307e-08
70.250224	39.778665977558106	7	810.0	666.0	2.0796571449144263e-09	5.966520314309998e-09	6.271896604426175e-09
70.350224	41.141863126777494	1	861.0	613.0	2.0796571449149814e-09	7.322127827128489e-09	3.139213369046656e-09
70.450224	39.45196911087946	2	860.0	667.0	2.0796571449144263e-09	3.356147869715276e-09	5.01928492233572e-09
70.550224	40.291736328125	4	810.0	646.0	2.0796571449149814e-09	4.114406496805722e-09	3.4014759542416727e-09
70.650224	45.405279826681635	3	1000.0	797.0	4.5992771925329465e-09	6.370572314816636e-09	9.461532811306794e-09
70.750224	46.05180859375	1	1055.0	792.0	5.774764858321735e-09	6.867862307736728e-09	5.247122112279623e-09
70.850224	34.4521767578125	0	846.0	667.0	5.77476485832229e-09	2.780577212102564e-09	2.974556251921223e-09
70.950224	37.2806484375	12	768.0	593.0	5.77476485832229e-09	3.2494156037410347e-09	1.3847580247211554e-09
71.050224	43.108515625	0	822.0	643.0	5.774764858321735e-09	1.0209323023765426e-08	6.861325483993319e-09
71.150224	43.100099609375	2	819.0	586.0	5.77476485832229e-09	6.020654757725729e-09	3.6305827440030747e-09
71.250224	45.22473553675617	2	692.0	454.0	5.77476485832229e-09	5.353421160950722e-09	6.986206694306052e-09
71.350224	41.784051926500716	3	920.0	665.0	2.707419399951061e-08	5.2564616217676275e-09	4.047849916654633e-09
71.450224	37.483067983492305	0	772.0	667.0	6.019491252740039e-10	2.5925872944432273e-09	3.804578102085121e-09
71.550224	36.967619140625	0	610.0	484.0	6.01949125274559e-10	5.814921595337363e-10	4.44254288851087e-10
71.650224	43.507028680559884	5	858.0	671.0	6.019491252740039e-10	2.8228702949073537e-09	3.394368505432177e-09
71.750224	41.91643386167371	1	644.0	455.0	6.019491252740039e-10	1.1299266383646422e-09	1.094031075194457e-09
71.850224	41.498296830849704	0	598.0	357.0	6.019491252740039e-10	1.2118502266056374e-09	7.748218740694091e-10
71.950224	40.79414102879857	0	876.0	571.0	6.01949125274559e-10	9.363267394668639e-10	2.035465115234336e-09
72.050224	40.54296329139459	2	843.0	569.0	6.019491252740039e-10	3.843419652725944e-09	4.585268183903146e-09
72.150224	43.6476474609375	2	1513.0	1181.0	8.783397073876542e-09	1.1715355812238482e-08	5.29143085165773e-09
72.250224	45.6593726526225	2	1459.0	1108.0	1.4712516291419676e-08	1.703503385434124e-08	5.895914324087759e-09
72.350224	46.34701171875	0	1006.0	706.0	9.544970270737307e-09	3.952572977629076e-09	4.767881938793628e-09
72.450224	43.3320048828125	5	1135.0	734.0	2.009595019504484e-08	5.721997077446916e-09	8.782681423604721e-09
72.550224	41.2073160828559	1	1056.0	777.0	2.350723547356881e-08	1.0710107398448354e-08	1.2310139446177759e-08
72.650224	40.13974534338846	2	1007.0	904.0	1.96808625375855e-09	8.736611625381752e-09	4.404106866964241e-09
72.750224	40.7932587890625	3	1209.0	1048.0	3.7322629049652e-09	1.5060889807370083e-08	9.259218390914037e-09
72.850224	40.0816533203125	2	886.0	896.0	2.2855987820797897e-08	1.0714871690920003e-08	8.399037997771642e-09
72.950224	41.335228515625	1	947.0	721.0	5.0611655026376324e-08	1.4155019100372535e-08	1.489083415644299e-08
73.050224	41.70885945963389	0	1069.0	858.0	8.548846556144518e-10	1.0480124018603654e-08	6.975535829559787e-09
73.150224	42.105708984375	1	959.0	717.0	8.548846556150069e-10	5.391009767897747e-09	3.760090888604295e-09
73.250224	43.344911671328454	1	1156.0	819.0	1.1660666994911529e-09	1.5100878778363525e-08	7.639505445799499e-09
73.350224	40.9068515625	0	1215.0	938.0	8.265745429054116e-09	8.09664380444386e-09	4.863562401307142e-09
73.450224	39.9864833984375	11	765.0	610.0	8.265745429054116e-09	4.301725503472742e-09	4.907715792124013e-09
73.550224	40.22013443485627	2	1007.0	773.0	8.265745429054116e-09	7.14487992519608e-09	5.775174970651387e-09
73.650224	41.34848841112532	3	889.0	690.0	7.2274609547717804e-09	6.154428104083731e-09	4.026023837842008e-09
73.750224	38.46835341128908	8	1066.0	754.0	2.1707590529576602e-08	3.810650222125789e-09	7.350843529896345e-09
73.850224	38.764095703125	2	1022.0	721.0	8.556392869779606e-10	5.367515293127623e-09	7.98420192441307e-09
73.950224	35.18541631217473	0	692.0	520.0	8.556392869774054e-10	3.024196434231463e-09	3.180680096325217e-09
74.050224	42.33476280042196	4	980.0	507.0	8.556392869779606e-10	6.110722101300148e-09	7.377719651970316e-09
74.150224	40.94996875	2	950.0	554.0	8.556392869774054e-10	3.3201399156512767e-09	3.9884661611316875e-09
74.250224	39.303466796875	0	932.0	657.0	8.556392869779606e-10	5.7042965767128975e-09	6.6105620130607614e-09
74.350224	40.500908203125	1	931.0	691.0	8.556392869774054e-10	1.0287727543243363e-08	4.709783644517019e-09
74.450224	41.94	0	852.0	703.0	8.556392869779606e-10	7.08108867779278e-09	7.0879659330863595e-09
74.550224	41.661810546875	0	1038.0	762.0	8.556392869774054e-10	6.275110335687284e-09	5.015643093703171e-09
74.650224	42.208140625	0	994.0	807.0	8.556392869779606e-10	1.127405934797654e-08	1.0049779625274092e-08
74.750224	41.58427734375	8	1007.0	843.0	8.556392869774054e-10	9.604390974180532e-09	8.373995029229419e-09
74.850224	39.9028125	6	1032.0	772.0	8.556392869779606e-10	6.728847051712394e-09	5.012127372184261e-09
74.950224	40.09880099781827	1	1305.0	968.0	8.556392869779606e-10	9.314147020061948e-09	8.493940804226718e-09
75.050224	40.280783203125	2	1252.0	917.0	8.556392869774054e-10	6.704237334510532e-09	4.790944572543032e-09
75.150224	41.85282421875	1	1614.0	1099.0	1.925298141760179e-08	7.334301163283152e-09	8.180121963690112e-09
75.250224	40.481802734375	0	1137.0	905.0	7.3372891903528135e-09	5.263166642301975e-09	7.220783989462243e-09
75.350224	38.91962890625	0	1035.0	702.0	8.27665348320239e-10	3.1037803027544886e-09	3.912389450795861e-09
75.450224	37.745384765625	9	829.0	448.0	4.119960267789935e-10	4.203814502569126e-09	4.025940527241922e-09
75.550224	39.45627564850947	4	888.0	639.0	4.1199602677843837e-10	8.935036324477785e-09	7.825079242471111e-09
75.650224	37.01501086359797	3	830.0	511.0	1.2555969891308028e-08	5.094809888598339e-09	6.3751183157639834e-09
75.750224	37.9666953125	2	757.0	438.0	1.3146000871064323e-08	2.466858574138309e-09	6.333727054317895e-09
75.850224	41.49102393769968	5	833.0	641.0	4.1201361650700094e-10	9.924435281191135e-09	8.120687705592821e-09
75.950224	40.983433335089806	0	1277.0	825.0	4.120136165075561e-10	5.0070667572121865e-09	3.36738940496073e-09
76.050224	40.47157457908321	1	1234.0	867.0	4.120136165075561e-10	7.87433081876232e-09	4.524630671967622e-09
76.150224	40.03359187324352	0	1065.0	735.0	2.5287994566478012e-08	8.66415542447374e-09	4.997198948248349e-09
76.250224	39.554212890625	4	1238.0	847.0	4.120091130377368e-10	1.038566992284995e-08	6.058898749055075e-09
76.350224	39.454416015625	2	1013.0	785.0	4.120091130382919e-10	6.89152376161184e-09	6.904445797770164e-09
76.450224	40.7281171875	1	854.0	669.0	6.8106497279180055e-09	4.830508648281384e-09	3.868159593772846e-09
76.550224	37.754302734375	0	910.0	744.0	1.4947106598114378e-08	1.4179703448177206e-08	7.547053214036481e-09
76.650224	38.1177265625	1	874.0	764.0	4.3575910361987044e-09	1.0148854895327686e-08	9.182153540264193e-09
76.750224	37.64962109375	0	865.0	671.0	4.1224939772543934e-10	6.916487635860724e-09	9.401588235324887e-09
76.850224	37.788951171875	0	1044.0	727.0	4.1224939772543934e-10	1.1484512346200405e-08	1.465735571121951e-08
76.950224	36.82669921875	1	820.0	682.0	4.122493977248842e-10	1.0791012782299658e-08	8.326609890691449e-09
77.050224	36.36503125	0	924.0	667.0	4.1224939772543934e-10	1.0825187411411808e-08	1.0832616212731461e-08
77.150224	37.43005078125	1	1318.0	1225.0	4.1224939772543934e-10	1.780618818710278e-08	1.2969828316178322e-08
77.250224	36.433724609375	0	737.0	600.0	4.122493977248842e-10	5.808974716351445e-09	3.475696596000888e-09
77.350224	41.818162109375	7	1890.0	1455.0	4.1224939772543934e-10	2.5705462318257323e-08	5.478301624141646e-09
77.450224	39.566568359375	0	828.0	498.0	4.1224939772543934e-10	4.0297577925496596e-09	1.6876034066121149e-09
77.550224	41.91379759939848	2	691.0	418.0	4.122493977248842e-10	3.243672583573831e-09	5.955346127347605e-09
77.650224	41.0239375	1	716.0	531.0	4.1224939772543934e-10	5.062866520194609e-09	5.0627132327207835e-09
77.750224	37.243663024028635	1	939.0	686.0	4.1224939772543934e-10	6.406323570279371e-09	8.636970587190817e-09
77.850224	37.336794921875	1	873.0	588.0	4.122493977248842e-10	3.9507205539557336e-09	4.577535704334834e-09
77.950224	37.782673828125	0	1005.0	862.0	4.1224939772543934e-10	5.7551519781240405e-09	4.891647077934214e-09
78.050224	35.766794921875	0	940.0	704.0	4.1224939772543934e-10	5.379395985500857e-09	5.8634606758278806e-09
78.150224	36.61522265625	1	992.0	690.0	4.122493977248842e-10	5.7393562191299094e-09	5.762316777011555e-09
78.250224	36.62294374213404	0	994.0	845.0	4.1224939772543934e-10	5.632097292153082e-09	3.394810605116261e-09
78.350224	35.401529296875	0	1306.0	833.0	2.920626966442241e-09	9.829298616917947e-09	5.7993909240344756e-09
78.450224	39.5435539208815	3	1315.0	968.0	8.612777607209244e-09	1.898338182096948e-08	2.005910500015029e-08
78.550224	35.62498046875	0	942.0	736.0	1.1000084276489574e-08	5.283198971303138e-09	3.801217828799941e-09
78.650224	40.85509375	3	1790.0	1145.0	1.1481127606470243e-08	3.0614138207379907e-08	2.809936322096307e-08
78.750224	37.12287109375	0	1523.0	1195.0	5.5331055162088915e-09	8.638897293372638e-09	5.999128161292e-09
78.850224	37.953125	0	969.0	724.0	4.2326318061248205e-08	1.2759032378140133e-08	7.455923167057899e-09
78.950224	39.390142578125	2	938.0	663.0	2.255819378192192e-08	1.5244376779087744e-08	8.47271787024373e-09
79.050224	40.130012420080895	0	1086.0	693.0	1.827175388625424e-08	1.8450029811606372e-08	7.699095630548935e-09
79.150224	41.45359074489858	0	718.0	544.0	1.5112039377627728e-08	7.663579753233174e-09	4.754529179971656e-09
79.250224	40.67032315982246	1	818.0	461.0	3.2666202369624475e-09	6.747618330474881e-09	4.5593831610413195e-09
79.350224	38.1328515625	0	979.0	610.0	3.2666202369624475e-09	1.4564756247231747e-08	3.73039555461363e-09
79.450224	37.66434402499594	1	989.0	733.0	9.435284589559002e-09	9.5555905201683e-09	3.4339650057685354e-09
79.550224	40.59971516358666	0	1047.0	680.0	1.1601301575929757e-08	1.8178005645173022e-08	5.389508137229604e-09
79.650224	37.572525390625	0	1073.0	691.0	1.1601301575929202e-08	8.539948147695543e-09	2.4149802808565156e-09
79.750224	37.14771484375	0	933.0	527.0	5.3601698543520595e-09	5.4237626449160635e-09	3.813437890047844e-09
79.850224	36.749900390625	0	801.0	424.0	3.276018485492416e-09	3.469599255238043e-09	1.757682536671079e-09
79.950224	38.537197265625	0	839.0	375.0	3.2760184854918604e-09	4.933916783133041e-09	3.0075066932971908e-09
80.050224	38.563716796875	2	1084.0	563.0	3.2760184854918604e-09	6.885871776942665e-09	6.398745736398426e-09
80.150224	39.28494864147793	0	998.0	531.0	3.2760184854918604e-09	5.674678189221405e-09	3.17519807738309e-09
80.250224	41.21384955538932	0	996.0	359.0	3.2760184854918604e-09	9.813951529662467e-09	3.889108671046304e-09
80.350224	44.25647829389808	0	1333.0	799.0	3.276018485492416e-09	1.1825392286959335e-08	6.329299071090589e-09
80.450224	40.70470855629281	10	1193.0	654.0	3.2760184854918604e-09	1.0219065436972707e-08	1.0986495797942197e-08
80.550224	38.50678125	3	899.0	444.0	3.2760184854918604e-09	5.124833516761962e-09	3.2014783802469802e-09
80.650224	40.211577905547756	0	726.0	479.0	3.2760184854918604e-09	5.514245117796967e-09	3.4456950287342637e-09
80.750224	41.216943359375	1	787.0	358.0	3.2760184854918604e-09	1.0193298580907228e-09	1.040157775474282e-09
80.850224	39.23261328125	0	686.0	335.0	3.4309450603320356e-09	1.0791734504511652e-09	6.358029065267612e-10
80.950224	39.82630394010967	3	789.0	454.0	1.1583073436695623e-08	5.7062627878001755e-09	4.466220558722589e-09
81.050224	39.73182421875	0	832.0	588.0	1.1583073436693957e-08	5.99665503365987e-09	2.545079253309934e-09
81.150224	40.720830078125	0	884.0	595.0	1.1403412908569388e-08	9.866062070795767e-09	7.289607906763585e-09
81.250224	34.19671447236987	0	615.0	405.0	3.273150766671673e-09	1.5729424350630073e-09	1.3087241661685622e-09
81.350224	34.02519305771933	1	719.0	432.0	3.273150766671673e-09	9.483533547538504e-10	9.86836224496357e-10
81.450224	37.95419304095526	1	972.0	714.0	3.273150766671673e-09	7.664712882283764e-09	3.8792218386690665e-09
81.550224	41.26384611209638	1	991.0	792.0	3.273150766671673e-09	1.082568682256424e-08	1.1236363116297609e-08
81.650224	39.36665991967651	1	1039.0	658.0	3.273150766671673e-09	5.123120481472787e-09	3.5464688324488012e-09
81.750224	39.675296875	2	948.0	599.0	3.273150766671673e-09	9.244884109785857e-09	4.358393870189104e-09
81.850224	40.59064453125	0	1174.0	928.0	3.273150766671673e-09	1.539539405086221e-08	7.94993070455774e-09
81.950224	41.378810546875	1	1108.0	855.0	3.273150766671673e-09	1.018017735669452e-08	1.0118215562320842e-08
82.050224	41.685105415848454	3	1031.0	805.0	3.273150766670563e-09	1.6162716627997618e-08	1.2752884231214123e-08
82.150224	40.57903125	0	1090.0	924.0	2.53202272298525e-09	1.8812181920238036e-08	9.370201186544303e-09
82.250224	40.42477734375	1	1106.0	797.0	2.50028096002497e-09	1.1388154850504595e-08	9.669349899820157e-09
82.350224	38.68700390625	0	1091.0	787.0	2.418254143895515e-09	1.8961288257515198e-08	7.636447177343798e-09
82.450224	40.927421902721775	0	1212.0	958.0	7.265761317443164e-10	2.4703719580265738e-08	9.368640670168738e-09
82.550224	40.71604215439891	1	1070.0	689.0	2.503475553029766e-08	1.4554972055665916e-08	1.5631855830661178e-08
82.650224	38.89814453125	0	1035.0	795.0	4.7014318122040595e-09	1.037963739010106e-08	8.601332032687204e-09
82.750224	39.62759780889905	1	1016.0	771.0	1.3290868300197545e-08	1.2368694011043457e-08	1.1989227133774038e-08
82.850224	38.73348828125	0	953.0	743.0	2.5455052758308617e-08	8.746435269177954e-09	7.329678795187089e-09
82.950224	39.34796484375	1	1018.0	657.0	3.558039380233358e-08	6.873450681983418e-09	9.217218227461909e-09
83.050224	39.313462890625	0	1133.0	863.0	2.125887365948098e-08	2.3373009818509205e-08	9.647792002813737e-09
83.150224	40.68555283975063	7	1014.0	808.0	4.6038409337145757e-10	1.2897413930714752e-08	9.975410859283107e-09
83.250224	38.37665029224542	3	908.0	637.0	6.817620685306558e-10	5.762220923156702e-09	3.771971977671873e-09
83.350224	38.616748046875	5	1019.0	689.0	3.409106566190867e-08	1.4245499650690218e-08	5.022647682701997e-09
83.450224	39.51996484375	0	960.0	656.0	1.8212597412168296e-08	1.521416931973496e-08	9.417887771578925e-09
83.550224	38.20515884080218	0	1215.0	869.0	2.6520953831584705e-08	1.9041359168682214e-08	1.1843154186212956e-08
83.650224	37.390693359375	1	919.0	656.0	2.651953656199746e-08	2.0773803284880323e-08	1.3961758514878797e-08
83.750224	35.376783203125	0	1094.0	775.0	2.007276194008867e-08	8.725337453746595e-09	2.4015162338464347e-09
83.850224	36.078798828125	0	1132.0	663.0	8.09365046161914e-09	8.538151038864904e-09	1.6823926755671347e-09
83.950224	35.961583984375	0	1097.0	848.0	1.6424643251666815e-09	1.2045179144201113e-08	7.702589870145493e-09
84.050224	34.64953074561716	0	1185.0	774.0	7.266174947599957e-09	5.096120306226082e-09	5.209612530632235e-09
84.150224	35.155462890625	0	1348.0	843.0	2.759911357640199e-08	8.065684892203384e-09	4.0800762551274075e-09
84.250224	35.877904296875	1	1377.0	737.0	8.516843634083227e-09	1.3570290859145073e-08	4.0063127950185075e-09
84.350224	34.391486328125	0	1164.0	704.0	8.516843634083227e-09	8.121274369652376e-09	4.028150383201812e-09
84.450224	34.35930569342921	0	980.0	610.0	6.0656501168832035e-09	8.333008963139487e-09	4.499433932714236e-09
84.550224	35.291748046875	1	1168.0	792.0	2.6518975023012148e-08	8.31664599440951e-09	4.901770082273993e-09
84.650224	35.067841796875	0	971.0	707.0	1.6427114923134313e-09	1.0331070534553843e-08	6.253724699367691e-09
84.750224	36.89458203125	2	1057.0	782.0	1.6427114923134313e-09	1.6770525844718164e-08	6.447952292826242e-09
84.850224	37.213306640625	2	1301.0	1001.0	1.2681741329345631e-08	1.535728008856041e-08	4.04791389812309e-09
84.950224	36.8590234375	4	848.0	711.0	1.5485804033534833e-08	5.1786549790899805e-09	2.7680188566536756e-09
85.050224	38.748771484375	1	1258.0	961.0	1.6426040634409667e-09	1.10126198744942e-08	6.065663743547445e-09
85.150224	38.287818359375	1	1162.0	1098.0	1.642604063442077e-09	1.641031364938539e-08	1.046282586314118e-08
85.250224	41.13750330774387	0	1127.0	931.0	2.652174940425689e-08	1.8747583770069022e-08	9.295991466602427e-09
85.350224	38.907080078125	1	982.0	751.0	1.6431289743201737e-09	5.556764556579052e-09	4.371647225418495e-09
85.450224	41.09417445263577	3	814.0	605.0	1.6431289743201737e-09	5.833846790547214e-09	6.591607113769493e-09
85.550224	39.14677734375	1	984.0	760.0	1.643128974321284e-09	8.279476654361462e-09	3.6804317641314643e-09
85.650224	38.5477685546875	1	1316.0	846.0	1.6431289743201737e-09	1.3448028756619656e-08	5.155068060732626e-09
85.750224	38.791705078125	0	1211.0	1056.0	1.7045099004842079e-09	1.83505843344145e-08	5.535921492086926e-09
85.850224	38.85518359375	5	950.0	758.0	3.212587338582762e-08	6.717304223267107e-09	6.163741176937743e-09
85.950224	42.04224390190972	3	1164.0	968.0	3.3808001376720574e-08	2.7668185044480432e-08	2.8526269054082177e-08
86.050224	39.7745771484375	0	1276.0	1019.0	1.227921056502379e-08	1.7963374223216588e-08	1.0247770670219757e-08
86.150224	38.4177294921875	0	1055.0	944.0	6.820852684574774e-10	1.1904042913468693e-08	8.919356151383396e-09
86.250224	37.4646787109375	0	1101.0	989.0	6.820852684563672e-10	1.4166414081674405e-08	1.4606906649792251e-08
86.350224	37.06373046875	0	1035.0	988.0	6.820852684563672e-10	1.3656311689886902e-08	1.3652990226532546e-08
86.450224	38.180048828125	0	1247.0	997.0	6.820852684574774e-10	2.0529152980726107e-08	9.846728825757544e-09
86.550224	38.84446875	6	1074.0	821.0	6.820852684563672e-10	1.8625652501792488e-08	8.395974073327483e-09
86.650224	37.8448212890625	0	1235.0	914.0	6.820852684563672e-10	1.7422293778019958e-08	5.200876257870357e-09
86.750224	38.4529072265625	1	903.0	712.0	6.820852684563672e-10	1.1079422540023477e-08	6.208443905456606e-09
86.850224	40.0896557780911	5	1262.0	961.0	6.820852684574774e-10	1.3010336944523359e-08	9.665379638419402e-09
86.950224	42.108889591122924	0	1103.0	882.0	1.7509395034953633e-09	2.2842121634422118e-08	1.725604250575108e-08
87.050224	44.86625783889358	3	1114.0	778.0	4.097609762094834e-09	2.2017910442039268e-08	1.470768086183405e-08
87.150224	41.35825297090694	1	936.0	773.0	4.097609762093723e-09	2.289601084837334e-08	1.9010613432226543e-08
87.250224	37.632580078125	3	1068.0	901.0	4.097609762094834e-09	7.4427994111703196e-09	8.24849345179124e-09
87.350224	42.0071708984375	0	1103.0	891.0	4.097609762093723e-09	1.9187577727429738e-08	7.744958157837045e-09
87.450224	42.0414072265625	1	939.0	695.0	4.097609762094834e-09	1.0274413558262196e-08	7.690036453221748e-09
87.550224	38.75504375442937	1	1061.0	894.0	4.097609762093723e-09	1.1975645802825285e-08	4.105086286972926e-09
87.650224	38.2862880859375	7	798.0	755.0	4.097609762094834e-09	7.127746856444572e-09	2.4871968980944014e-09
87.750224	38.26322971689824	7	854.0	824.0	4.097609762093723e-09	8.486633146268519e-09	8.631574824118359e-09
87.850224	40.980171875	0	868.0	657.0	4.097609762094834e-09	7.946919959820331e-09	7.038534790175799e-09
87.950224	48.12602258128157	7	1265.0	986.0	5.237184909528958e-09	2.52219285540789e-08	3.2680003467255855e-08
88.050224	42.48520884919763	3	1005.0	852.0	5.423298327182913e-09	5.892350373634114e-09	6.072007186552763e-09
88.150224	41.326206661573345	3	1182.0	1233.0	5.4232983271818026e-09	1.9579014947421758e-08	1.5469186111558564e-08
88.250224	43.89906465521271	7	1413.0	1275.0	5.423298327182913e-09	2.4452795862257572e-08	2.055910501295499e-08
88.350224	43.2961904296875	1	1516.0	1141.0	5.4232983271818026e-09	1.721447805684284e-08	1.0057917934334082e-08
88.450224	41.648806640625	0	1024.0	841.0	2.976550064432981e-09	1.331871678019847e-08	5.542784745551366e-09
88.550224	42.1345390625	12	846.0	629.0	2.0109609594987087e-09	1.0916230791477855e-08	4.98311940849927e-09
88.650224	41.59569215049649	4	878.0	709.0	2.0109609594987087e-09	8.266361393924893e-09	3.642729675349399e-09
88.750224	41.7409033203125	3	846.0	781.0	2.010960959499819e-09	8.228170731729989e-09	1.0443117165964688e-08
88.850224	42.055671875	2	791.0	586.0	2.0109609594987087e-09	5.9604276821645376e-09	4.9813825878131104e-09
88.950224	40.3346142488197	0	952.0	626.0	2.0109609594987087e-09	3.6154351078965252e-09	3.2994261585672648e-09
89.050224	41.41848307871869	3	1118.0	836.0	2.010960959499819e-09	1.6565299944879542e-08	1.0190341974689599e-08
89.150224	40.21086977647316	5	1111.0	836.0	4.277375703767295e-09	2.1905705680667077e-08	7.00673656607198e-09
89.250224	41.763806895707226	2	1235.0	919.0	5.802981345438551e-09	1.2850454497700392e-08	8.307933551690016e-09
89.350224	44.534826045743635	0	1232.0	874.0	5.802981345439662e-09	1.2749210547602363e-08	1.182685157822827e-08
89.450224	43.13084144182062	3	1243.0	808.0	2.4046142357978528e-08	1.935709360782356e-08	1.1902835921167032e-08
89.550224	44.7958828125	6	1160.0	671.0	1.2434705453635564e-08	4.977937311524405e-09	9.427267144188622e-09
89.650224	47.07973997663124	5	1319.0	1097.0	5.80052423069688e-09	2.2822124163038858e-08	2.1007367157322988e-08
89.750224	47.172516721220354	1	1420.0	1039.0	6.059841894409113e-09	2.5118079164057063e-08	2.4235661756243364e-08
89.850224	44.74319828350401	1	1190.0	909.0	6.4336395693220805e-09	2.4340051558736643e-08	1.9912511812004708e-08
89.950224	39.60843359375	0	1025.0	581.0	6.4336395693220805e-09	2.632793179245807e-09	1.2881794089747434e-09
90.050224	40.96936466665725	0	874.0	554.0	6.4336395693220805e-09	4.423159606259386e-09	2.6062633878642938e-09
90.150224	40.83637890625	0	1203.0	864.0	6.43363956932097e-09	8.065804808017329e-09	4.117424114815638e-09
90.250224	39.16397283014386	1	1134.0	883.0	6.4336395693220805e-09	1.0439926841655511e-08	3.227483570743539e-09
90.350224	38.6585078125	1	1100.0	898.0	6.4336395693220805e-09	9.057066248709944e-09	5.664622596074365e-09
90.450224	39.45912890625	0	1066.0	892.0	2.0053246314115647e-08	1.0775941749568973e-08	8.768179056051206e-09
90.550224	40.32380679855425	0	939.0	725.0	1.770220840691117e-08	1.2558944843973352e-08	7.873107797228273e-09
90.650224	41.9208899371722	0	1043.0	743.0	1.160632940502948e-08	1.468766494431506e-08	7.2201596238086195e-09
90.750224	44.28840512105082	6	1090.0	963.0	9.044232768527061e-08	2.39738899126829e-08	2.5448854238799835e-08
90.850224	42.30459765625	1	952.0	771.0	2.7417939920959533e-09	1.3588244081077505e-08	1.361740461148786e-08
90.950224	44.57330806444697	0	1209.0	794.0	6.81948844085678e-10	8.191720897573474e-09	8.359812984001235e-09
91.050224	40.4093560061553	0	1126.0	857.0	6.81948844085678e-10	1.6194004375138515e-08	6.471995822553422e-09
91.150224	40.3219609375	0	1087.0	769.0	6.81948844085678e-10	1.4825894175376497e-08	5.052239956453431e-09
91.250224	42.13107508449938	7	1056.0	899.0	6.819488440867882e-10	1.9825857853166262e-08	9.56143764922035e-09
91.350224	42.32989781605579	2	1137.0	839.0	6.81948844085678e-10	7.537964171927536e-09	5.402855243201721e-09
91.450224	42.06119353794236	2	1076.0	738.0	2.8675050419515457e-08	2.5443705996327505e-08	1.525612107608043e-08
91.550224	41.188724609375	1	1056.0	714.0	1.128400489826209e-08	1.580901473246743e-08	7.030542118516836e-09
91.650224	38.260509765625	0	1003.0	643.0	1.12840048982632e-08	6.958435587184342e-09	1.0587439344420524e-08
91.750224	40.82703125	1	931.0	572.0	2.101577699258339e-09	1.1027302134025696e-08	7.355679647186308e-09
91.850224	36.76306640625	1	565.0	329.0	1.2807178610119151e-09	2.3661281613662766e-09	4.933762959424826e-10
91.950224	36.994209370036046	4	897.0	484.0	1.2807178610130254e-09	4.550037149338992e-09	2.4019528566499027e-09
92.050224	38.03365126730404	9	691.0	440.0	1.2807178610119151e-09	5.317946568207388e-09	5.8614949724167254e-09
92.150224	40.4687421875	1	882.0	544.0	1.2807178610130254e-09	1.3249251536474604e-08	6.4512858539433895e-09
92.250224	44.174451171875	0	1076.0	622.0	1.2807178610119151e-09	1.4370375396189905e-08	9.896605344519305e-09
92.350224	41.583060799807555	1	748.0	473.0	1.2807178610130254e-09	4.499545682904449e-09	5.6446495054096605e-09
92.450224	41.2841640625	2	801.0	494.0	1.2807178610119151e-09	5.080385310481939e-09	5.180871986135704e-09
92.550224	41.192353515625	1	597.0	366.0	1.1821526109137003e-08	3.6208051184072333e-09	3.6180954322062585e-09
92.650224	39.931638671875	2	433.0	331.0	1.562475852236678e-08	1.1814473870719323e-09	1.2093594398598918e-09
92.750224	41.38027052631579	6	327.0	367.0	1.2815807672250656e-09	1.2984264434556803e-09	1.0372217969312203e-09
92.850224	40.25259765625	5	833.0	641.0	1.2815807672239553e-09	7.2860482431236215e-09	8.038894975083144e-09
92.950224	43.2028359375	1	842.0	581.0	1.2815807672250656e-09	2.4658635064200853e-09	4.757434103546121e-09
93.050224	41.49275644030449	4	989.0	818.0	1.2815807672250656e-09	9.151178274348081e-09	9.225399887642372e-09
93.150224	43.83907619841147	5	978.0	725.0	1.2815807672250656e-09	7.053130470382474e-09	2.2991869560983204e-08
93.250224	41.37383984375	1	1086.0	695.0	1.2815807672239553e-09	3.699457843555631e-09	3.0366731348452358e-09
93.350224	37.03502565472879	6	1038.0	684.0	1.2815807672250656e-09	6.161644463148486e-09	7.9802950419805e-09
93.450224	36.274689453125	8	961.0	524.0	1.2815807672250656e-09	2.4812240792904116e-09	4.5858279483912415e-09
93.550224	38.631771484375	4	782.0	543.0	1.2815807672250656e-09	3.297437258873437e-09	2.330000896725304e-09
93.650224	41.076400390625	7	831.0	459.0	1.2815807672239553e-09	3.952759378865745e-09	1.6820529033045873e-09
93.750224	38.413427823337216	3	781.0	609.0	1.2815807672250656e-09	4.276336262980518e-09	3.648838813773425e-09
93.850224	41.78822989179387	0	732.0	541.0	1.2815807672250656e-09	5.9776999036276205e-09	5.6227988006718465e-09
93.950224	41.197806640625	1	1278.0	1054.0	5.511794099000156e-09	6.077348314202924e-09	2.7409649195153652e-09
94.050224	39.18252734375	1	908.0	719.0	2.1927537177768298e-08	6.544559758258073e-09	3.5910223813107046e-09
94.150224	39.2824112196817	3	1068.0	757.0	1.2807590714147833e-09	6.0677777093953726e-09	4.265251813592164e-09
94.250224	39.203484375	1	1456.0	1083.0	1.2807590714147833e-09	2.1188609698031825e-08	7.155318378828657e-09
94.350224	40.46259765625	0	1280.0	1005.0	1.2807590714147833e-09	8.792390689440488e-09	5.5847448923596054e-09
94.450224	38.369037109375	0	1110.0	884.0	1.2807590714147833e-09	1.26165002839429e-08	5.262830808043795e-09
94.550224	39.824033203125	0	1126.0	912.0	1.2807590714147833e-09	1.652873512409503e-08	1.4430065242110324e-08
94.650224	41.28977734375	0	1206.0	1026.0	1.2807590714147833e-09	1.882539735878708e-08	1.1226739415303167e-08
94.750224	40.96975692955348	2	1337.0	1173.0	1.280759071413673e-09	1.981726779210935e-08	1.3601435588843635e-08
94.850224	44.38013565065753	5	1363.0	975.0	2.6159760822421773e-08	1.4741825585028456e-08	1.3032630869175276e-08
94.950224	40.21275388843358	8	1187.0	890.0	1.2803697384233814e-09	6.5389922830150214e-09	5.619756774307705e-09
95.050224	42.88422662116708	0	1092.0	786.0	1.2803697384222711e-09	7.297267771001481e-09	6.674138453054423e-09
95.150224	50.98784765625	0	1319.0	1035.0	1.2803697384222711e-09	1.7402599702222022e-08	1.5711423088743404e-08
95.250224	50.4466953125	2	1503.0	1076.0	1.2803697384222711e-09	2.3465158321500645e-08	1.2205710490168497e-08
95.350224	43.97441639937684	0	1200.0	791.0	1.2803697384233814e-09	2.1087709647390484e-08	8.021021924154992e-09
95.450224	43.80367072798796	0	985.0	702.0	1.4619953381398431e-08	1.543691111755896e-08	9.513220691730328e-09
95.550224	40.463415020724995	5	879.0	575.0	2.1734596794097394e-08	1.1180670548011085e-08	2.9293000099606114e-09
95.650224	40.49034375	0	644.0	405.0	7.035839596472027e-09	1.3468280350104055e-09	1.1868337674292295e-09
95.750224	49.3119921875	0	1593.0	1107.0	2.1550087298582987e-08	2.0536578006786764e-08	2.2912123091302085e-08
95.850224	50.49821875	0	1951.0	1069.0	1.611763007584033e-08	1.6707711507849556e-08	1.421008690554948e-08
95.950224	49.14318662835744	2	1556.0	1107.0	1.3290566632661038e-08	1.861512714545821e-08	7.582025133586745e-09
96.050224	45.36330243496192	4	1599.0	1074.0	1.3462859781868675e-08	2.1416743452234987e-08	5.3608246138237005e-09
96.150224	42.90030078125	2	1775.0	1081.0	1.7866604093997873e-08	1.2051591216561964e-08	3.1182034752730293e-09
96.250224	42.30322144844667	0	1412.0	810.0	3.089435756052583e-08	1.1086715532412362e-08	2.418204493886966e-09
96.350224	43.195578125	0	1745.0	1250.0	1.0575376657495639e-10	1.2412719086590807e-08	4.139520784959272e-09
96.450224	47.868984375	3	1628.0	1103.0	1.0575376657606661e-10	8.533386590787728e-09	8.230030822637958e-09
96.550224	52.60190625	5	1830.0	1278.0	1.402044513527101e-08	1.1736161513117293e-08	9.081214039731166e-09
96.650224	54.03111328125	1	1586.0	1062.0	3.4480563010722556e-08	1.1037621313747526e-08	3.259995174489383e-09
96.750224	57.08950866449053	3	1462.0	934.0	2.2392164698231687e-08	1.0945804295748874e-08	4.2407199884120225e-09
96.850224	57.068758474378704	2	1306.0	972.0	1.8078574761377643e-08	7.1334252307564404e-09	1.0750524581080168e-08
96.950224	48.676914409253285	6	1116.0	790.0	1.8487832465760024e-08	1.2826076683920552e-08	6.841873227749762e-09
97.050224	48.77055743672868	1	1065.0	956.0	1.8407792010163292e-08	8.845299532179718e-09	7.888338421527807e-09
97.150224	51.3632643228665	1	1391.0	1126.0	2.880645148750638e-10	1.110292723373818e-08	8.936063061227851e-09
97.250224	50.348619140625	0	1382.0	994.0	2.880645148750638e-10	9.942951326090687e-09	7.911291345293891e-09
97.350224	48.74267502424956	1	1163.0	885.0	2.880645148750638e-10	6.730409909191382e-09	6.397196523869608e-09
97.450224	47.90233775562707	2	1224.0	882.0	1.3757646205414531e-09	7.299687781971986e-09	6.593463868030946e-09
97.550224	46.67332932043824	5	1210.0	1009.0	6.53024589602591e-09	9.552740601023179e-09	1.3922809808991633e-08
97.650224	43.994923870127685	7	771.0	633.0	6.53024589602702e-09	4.11666992941151e-09	6.642666742904258e-09
97.750224	46.95112515763085	8	980.0	771.0	6.53024589602591e-09	1.3425628752324893e-08	2.209616677713244e-08
97.850224	40.19721484375	5	668.0	520.0	5.355215260226531e-09	2.5514345923649538e-09	3.900488635746324e-09
97.950224	46.496816718263744	4	955.0	701.0	2.8805169818846285e-10	3.6823504834815336e-09	4.975166000079634e-09
98.050224	54.32492619855382	4	990.0	723.0	2.880516981895731e-10	8.799987727079462e-09	6.8338723112837395e-09
98.150224	52.050210819744024	0	812.0	662.0	5.378302065317531e-10	6.340232347908925e-09	6.591055562644721e-09
98.250224	54.46436567985358	10	606.0	544.0	6.734290986609714e-10	6.562629521459362e-09	6.246517416295116e-09
98.350224	47.57295783734746	2	438.0	409.0	6.734290986609714e-10	3.874842292189706e-09	2.775039108136035e-09
98.450224	48.84496820045932	0	667.0	697.0	6.734290986609714e-10	4.899108500807659e-09	4.284635276499138e-09
98.550224	59.135756400462874	6	786.0	773.0	6.734290986620816e-10	4.604356308273161e-09	3.52296069591973e-09
98.650224	55.68850340128369	10	736.0	552.0	6.734290986609714e-10	2.3211530503886026e-09	2.883855299469218e-09
98.750224	49.991689453125	1	717.0	453.0	6.734290986609714e-10	1.2761423718554709e-09	1.49757471331613e-09
98.850224	44.7810234375	5	570.0	301.0	6.734290986609714e-10	6.281593705859123e-10	7.877603097261598e-10
98.950224	38.13815358683058	3	557.0	307.0	6.734290986609714e-10	2.376965782191487e-09	9.749774492207041e-10
99.050224	43.277482421875	8	699.0	551.0	6.734290986620816e-10	1.3691992345987725e-09	9.800979473206794e-10
99.150224	40.63398010027187	3	647.0	458.0	6.734290986609714e-10	1.2972341295525158e-09	8.9307404126715e-10
99.250224	39.86557210998595	4	623.0	537.0	6.734290986609714e-10	2.7869972806970898e-09	2.2350703362583603e-09
99.350224	47.98600502589222	13	1361.0	1337.0	6.734290986609714e-10	1.8310469963470633e-08	2.564070299237553e-08
99.450224	50.950663108002544	23	736.0	539.0	6.734290986609714e-10	4.220462331825381e-09	2.9107812802053878e-09
99.550224	47.00444921875	9	781.0	497.0	6.734290986620816e-10	2.0790475088683367e-09	1.1998946700675362e-09
99.650224	45.45150858457681	10	629.0	368.0	6.734290986609714e-10	1.295950721481587e-09	2.6129140165442875e-09
99.750224	43.22745253024193	6	690.0	352.0	6.734290986609714e-10	8.464020259812966e-10	2.5142737278904815e-09
99.850224	46.395154296875	11	677.0	442.0	6.734290986609714e-10	2.682390267629842e-09	6.0657126154672895e-09
99.950224	42.49679893313172	10	943.0	754.0	6.734290986620816e-10	6.0064145519933555e-09	5.803530112663546e-09
100.050224	44.560146484375	3	654.0	445.0	6.734290986609714e-10	1.2523289641275248e-09	2.7836737127318045e-09
100.150224	43.09897265625	3	561.0	359.0	6.734290986609714e-10	3.1603320489692612e-09	1.268438303705377e-09
100.250224	44.438291015625	6	433.0	391.0	6.734290986609714e-10	2.3572805296845357e-09	1.5558234312162966e-09
100.350224	41.436212890625	2	379.0	348.0	6.734290986609714e-10	2.073661479143896e-09	2.0414931227263898e-09
100.450224	43.165219005694844	5	253.0	238.0	6.734290986620816e-10	1.2501867253955633e-09	3.1477121010259347e-09
100.550224	42.14019586031257	8	432.0	363.0	6.734290986609714e-10	3.5253709120064423e-09	3.7439760821045274e-09
100.650224	44.693521612162186	6	479.0	412.0	6.734290986609714e-10	1.308992376289897e-09	2.5931464681094862e-09
100.750224	42.98062986276576	4	593.0	441.0	6.734290986609714e-10	2.4698036871972916e-09	4.921288555830294e-09
100.850224	41.6871865234375	2	396.0	381.0	6.734290986609714e-10	1.319052385271302e-09	7.421719882128031e-10
100.950224	44.71678484313905	1	657.0	591.0	6.734290986620816e-10	2.1222577045076907e-09	2.4225431177260503e-09
101.050224	43.28438591401668	2	657.0	491.0	6.734290986609714e-10	2.0004053305944238e-09	2.3008279015968026e-09
101.150224	43.58080078125	5	556.0	563.0	6.734290986609714e-10	1.986417805286411e-09	4.07354599332721e-09
101.250224	42.90424075028089	3	661.0	513.0	6.734290986609714e-10	5.7923190685083e-09	6.870844681483579e-09
101.350224	46.38908827727884	8	805.0	633.0	6.734290986609714e-10	6.059323241265346e-09	7.1141542660646536e-09
101.450224	43.71248952132209	22	602.0	466.0	6.734290986620816e-10	1.5002677806674746e-09	1.864022847833935e-09
101.550224	40.543858502724994	8	670.0	606.0	6.734290986609714e-10	2.361958926575536e-09	1.0647763062821003e-09
101.650224	44.806396819308794	6	684.0	520.0	6.734290986609714e-10	4.042974390404685e-09	3.264710322081754e-09
101.750224	50.116649631635426	15	685.0	479.0	6.734290986609714e-10	1.5606698797909769e-09	2.3606607237369736e-09
101.850224	42.40515234375	3	711.0	488.0	6.734290986609714e-10	1.8465057866878798e-09	3.2093373669317415e-09
101.950224	40.680565009671824	1	1169.0	760.0	6.734290986620816e-10	7.816941546244794e-09	4.585651867974327e-09
102.050224	48.834737720146215	15	727.0	619.0	6.734290986609714e-10	6.325832845091028e-09	2.5037504282299226e-09
102.150224	53.15936224001218	20	656.0	516.0	6.734290986609714e-10	6.2477219636758455e-09	3.264517942733747e-09
102.250224	53.953167697361444	15	640.0	555.0	1.4649086146317769e-08	4.993424133611368e-09	3.741669410608495e-09
102.350224	54.38063907986634	20	799.0	699.0	1.1575532305915237e-08	1.0136322158961208e-08	5.755212224339834e-09
102.450224	54.64236328125	13	865.0	941.0	6.71702871118951e-10	2.8613543278221963e-09	2.334857534747048e-09
102.550224	48.95694692447098	7	995.0	778.0	6.71702871118951e-10	4.397427334247306e-09	7.007769627558336e-09
102.650224	42.5273851812786	2	1239.0	1010.0	2.1901974223639265e-08	6.024238085379218e-09	1.6156138712869473e-08
102.750224	44.35608760696498	5	1478.0	1436.0	4.3198038945946314e-09	1.1178149417852e-08	1.1523052586368544e-08
102.850224	49.877483155098	11	795.0	775.0	6.718182866349842e-10	7.639342760884515e-09	5.457591846563803e-09
102.950224	47.97039453125	9	1534.0	1398.0	6.718182866349842e-10	1.0019291705626321e-08	5.627132337793217e-09
103.050224	53.5471953125	22	831.0	839.0	6.718182866360945e-10	7.1855403052234475e-09	6.663828345699896e-09
103.150224	44.858376953125	11	984.0	873.0	6.718182866349842e-10	1.035059169582131e-08	1.2298884319474901e-08
103.250224	48.649481852049796	5	674.0	638.0	1.9969509534223383e-09	1.3200819500301941e-08	1.554330687768779e-08
103.350224	48.8483076171875	7	0.0	0.0	2.5131242557419055e-09	3.602817360661703e-09	1.4658061647470078e-08
103.450224	47.0447340936857	4	34.0	28.0	2.5131242557430155e-09	6.195211423168923e-09	1.3174938129620895e-08
103.550224	48.8865458984375	7	0.0	0.0	2.5131242557419055e-09	1.4172360374811178e-08	4.220592912054233e-09
103.650224	46.2902607421875	5	289.0	200.0	2.5131242557419055e-09	1.3653538258558972e-08	3.4312160624661024e-09
103.750224	41.4087109375	4	968.0	479.0	1.2870141073731967e-08	3.95308786771853e-09	5.112713184238782e-09
103.850224	41.701266906187314	5	1166.0	842.0	1.704530845373031e-08	7.305519026347129e-09	5.033194644222805e-09
103.950224	39.2571611701119	3	796.0	529.0	2.5142872905159487e-09	3.1497168117677886e-09	1.5001946387016573e-09
104.050224	39.80928847064394	1	1035.0	708.0	2.514287290514838e-09	1.3520762202161584e-08	7.992438387849354e-09
104.150224	40.6343408203125	0	3064.0	2886.0	2.514287290514838e-09	4.3458771910732666e-08	4.301622478134815e-08
104.250224	40.4959453125	1	742.0	622.0	2.514287290514838e-09	1.8701019657997308e-08	3.442391298978831e-08
104.350224	41.472506688017404	2	2924.0	2467.0	2.514287290514838e-09	3.164075733357863e-08	4.624318832392782e-08
104.450224	40.97253336787884	1	1016.0	908.0	2.514287290514838e-09	2.896775503998805e-08	3.932276672411472e-08
104.550224	41.119890625	2	1988.0	1753.0	2.106764866653954e-09	2.2459266864894855e-08	2.5962868233402324e-08
104.650224	40.344545350609756	2	746.0	529.0	6.719616853534394e-10	6.390475844932908e-09	2.594733957091977e-09
104.750224	41.2304375467348	4	863.0	520.0	6.719616853534394e-10	4.3027700777242826e-09	4.869470164361456e-09
104.850224	41.75284375	4	1007.0	710.0	6.719616853534394e-10	6.523961002141698e-09	3.2465589557584274e-09
104.950224	42.16110463075427	0	1107.0	944.0	6.719616853534394e-10	5.7737773872890144e-09	3.935102378098687e-09
105.050224	43.55802044487396	4	1044.0	1031.0	6.719616853534394e-10	1.512326917630369e-08	1.8298180020733802e-08
105.150224	41.152369834639714	9	840.0	673.0	6.719616853545495e-10	4.142620709156608e-09	3.5265569492415326e-09
105.250224	40.806669921875	7	837.0	627.0	6.719616853534394e-10	7.482622610813782e-09	3.919568296603115e-09
105.350224	44.77395788503323	5	813.0	563.0	6.719616853534394e-10	1.3273820306464179e-08	1.0724862267330603e-08
105.450224	46.018813241459625	13	1058.0	746.0	4.17641245991085e-10	1.0824508924643927e-08	9.229269887742753e-09
105.550224	47.15726264978094	20	1074.0	895.0	7.655616141468702e-09	7.867695450276546e-09	7.689412142537488e-09
105.650224	50.07540412332737	24	967.0	767.0	9.605618043959653e-09	1.827269638851825e-08	7.808226599687052e-09
105.750224	46.559471328183506	5	1007.0	724.0	8.77037706051742e-09	5.525308057376943e-09	4.527835526014767e-09
105.850224	49.000837235099866	20	803.0	655.0	1.7351851757185788e-09	6.916442649335108e-09	8.456287521748652e-09
105.950224	46.68600121577996	9	1149.0	974.0	1.197050591092208e-08	5.392522922221809e-09	5.354768246628172e-09
106.050224	53.194329582693676	16	1045.0	681.0	1.197050591092097e-08	9.221586812376836e-09	7.649912715735896e-09
106.150224	50.511911401045516	9	695.0	594.0	7.379871496360213e-10	5.678438407212827e-09	1.2426632956596961e-08
106.250224	54.738579001980646	14	631.0	559.0	3.8366144589518925e-10	4.595904387031391e-09	9.15750356337286e-09
106.350224	51.9270900511615	6	645.0	644.0	3.8366144589518925e-10	4.239814423295796e-09	4.524220548997037e-09
106.450224	48.81133203125	5	1010.0	757.0	3.8366144589518925e-10	6.587341539805447e-09	4.749766222812424e-09
106.550224	47.4542724609375	11	845.0	625.0	3.8366144589518925e-10	3.4534726976254148e-09	2.619994122502467e-09
106.650224	52.188562556460965	16	840.0	744.0	3.8366144589518925e-10	4.787008025869399e-09	9.857058164679522e-09
106.750224	52.10819153620352	14	744.0	655.0	3.8366144589518925e-10	5.098719476923641e-09	3.5722701521856413e-09
106.850224	52.30504754994946	10	841.0	664.0	2.5260042940195017e-08	1.058805771161464e-08	7.868198296073769e-09
106.950224	51.3572849521764	8	612.0	614.0	3.836053610217771e-10	8.206945757263106e-09	6.36065816720488e-09
107.050224	53.6995283203125	21	905.0	828.0	3.8360536102288735e-10	1.433778708195721e-08	1.0211422847639095e-08
107.150224	43.79666268309354	17	742.0	607.0	3.836053610217771e-10	5.4070882575474325e-09	5.108561081497154e-09
107.250224	43.91419730345311	11	725.0	668.0	5.479647804974564e-09	5.835123104754869e-09	5.0227601200136806e-09
107.350224	53.44935474614288	14	912.0	877.0	8.990128120598406e-09	9.212488093285343e-09	4.745165011157404e-09
107.450224	51.00346153895902	14	1205.0	830.0	1.2036804990750438e-08	2.210381861946553e-08	3.614398976861111e-09
107.550224	50.510412196720566	24	1014.0	516.0	1.2036804990750438e-08	1.54941924661689e-08	5.12412663485895e-09
107.650224	53.60716970774574	22	1111.0	882.0	3.311693453586284e-08	1.9726556858848944e-08	2.055622141296065e-08
107.750224	53.430990272952165	3	1124.0	859.0	5.285703888566751e-09	1.641407301185338e-08	1.774891426881031e-08
107.850224	53.200847580856006	11	833.0	678.0	3.835820397435352e-10	9.69666039287942e-09	1.0567219206839563e-08
107.950224	45.04387663182947	12	898.0	715.0	2.525953005056314e-08	7.335601636488942e-09	1.2448693199782479e-08
108.050224	44.15889336608101	4	1143.0	1027.0	3.836026623160738e-10	1.0292515310520445e-08	1.2594200863352833e-08
108.150224	47.289099609375	22	993.0	872.0	3.83602662317184e-10	8.305169718553218e-09	5.345047941303083e-09
108.250224	47.954609375	4	1373.0	1113.0	3.836026623160738e-10	1.4562190096828465e-08	1.5265452092834143e-08
108.350224	54.164801299076046	2	985.0	862.0	2.9730518655359806e-08	1.02344991825698e-08	2.891753871324232e-08
108.450224	48.59777727857342	4	721.0	663.0	1.2276185387165573e-08	4.1238440243474006e-09	4.782391971354105e-09
108.550224	54.12267503605128	11	843.0	829.0	8.900364457170574e-09	6.597458906217879e-09	7.571540840447533e-09
108.650224	50.64417795468617	8	1333.0	1130.0	3.8362944411174384e-10	1.3098451896638164e-08	4.655760499633343e-09
108.750224	49.42496076183211	9	792.0	564.0	3.83629444112854e-10	6.4337372803047185e-09	6.120532030196024e-09
108.850224	47.05486279047498	6	598.0	414.0	3.8362944411174384e-10	2.3193605784521675e-09	3.1368796080766257e-09
108.950224	50.140066896382834	3	780.0	564.0	3.8362944411174384e-10	6.390160688701796e-09	5.907075686512053e-09
109.050224	43.284411347739656	2	653.0	560.0	4.4688769449297004e-10	4.249692193372123e-09	4.09032257095654e-09
109.150224	51.213298828125	11	1085.0	713.0	6.977064531032973e-10	1.0367547098073526e-08	1.2277918323712057e-08
109.250224	52.920921905092314	8	889.0	587.0	6.977064531032973e-10	9.837720006707906e-09	6.927491338798442e-09
109.350224	48.89669209223319	5	1344.0	882.0	6.977064531044075e-10	1.143490938797731e-08	1.1336316981142014e-08
109.450224	50.50857631794959	4	1318.0	891.0	6.977064531032973e-10	1.4727648603800602e-08	8.844155569893707e-09
109.550224	45.5965966796875	8	817.0	553.0	6.977064531032973e-10	6.886404808734703e-09	7.298730181550806e-09
109.650224	48.6224645567516	10	640.0	492.0	6.977064531044075e-10	9.200829928003307e-09	5.567017600799362e-09
109.750224	51.293732472056824	10	732.0	592.0	6.977064531032973e-10	5.901489397319715e-09	4.669942239391434e-09
109.850224	53.2529755859375	14	721.0	543.0	6.977064531032973e-10	3.790238103504873e-09	6.2223397169069995e-09
109.950224	50.40431066678271	11	899.0	790.0	6.977064531032973e-10	8.672677523717808e-09	1.112502903804935e-08
110.050224	50.88233925723398	6	949.0	743.0	6.977064531044075e-10	2.0072871242406975e-08	2.7543516773409495e-08
110.150224	52.69125437656773	8	961.0	666.0	6.977064531032973e-10	1.1132613002944325e-08	8.059049577161526e-09
110.250224	51.13562121208627	3	934.0	731.0	4.4399615004760974e-08	1.3558319281335995e-08	1.225285033856216e-08
110.350224	53.756079557556255	8	844.0	590.0	3.170477135769789e-08	6.568175003823784e-09	7.936937315127234e-09
110.450224	52.679912454942574	11	656.0	538.0	6.972473087774045e-10	2.9702293479272336e-09	2.1277812419484566e-09
110.550224	55.49713592448302	15	1069.0	705.0	6.972473087762943e-10	1.047332259248579e-08	1.7245721768766042e-08
110.650224	52.632910631308825	7	1224.0	931.0	2.55751025266282e-08	2.2863234530487996e-08	1.939150498560416e-08
110.750224	46.43243231457723	5	1089.0	929.0	6.979491654002246e-10	1.0219661972892257e-08	5.3339514938743895e-09
110.850224	43.95068655880271	11	876.0	686.0	6.979491654013348e-10	3.4986138678494428e-09	2.8710502683271245e-09
110.950224	38.8152431640625	5	1193.0	866.0	6.979491654002246e-10	3.4898762421331496e-09	3.799833793307617e-09
111.050224	40.92571935245173	3	1280.0	1045.0	6.979491654013348e-10	8.888166914120532e-09	7.457603614181574e-09
111.150224	40.1141826171875	8	944.0	624.0	6.979491654002246e-10	3.073729177640594e-09	3.895321132801888e-09
111.250224	38.2103876953125	3	1152.0	846.0	6.979491654013348e-10	4.718200319779875e-09	5.5251843194370485e-09
111.350224	42.18426713174898	7	1078.0	812.0	6.979491654013348e-10	9.784121117555333e-09	7.598547325892158e-09
111.450224	50.53150229969367	18	1028.0	872.0	6.979491654002246e-10	1.228493297354083e-08	1.1710471657671029e-08
111.550224	50.54160875877495	16	1098.0	821.0	6.979491654013348e-10	1.7539448890389053e-08	7.683162790371734e-09
111.650224	47.6696787109375	7	1119.0	881.0	6.979491654002246e-10	1.3888783193378717e-08	9.296527750147775e-09
111.750224	46.038607664419935	4	1276.0	940.0	6.979491654013348e-10	1.2308965553835538e-08	9.584813641027035e-09
111.850224	45.85295358607496	2	2246.0	1878.0	6.979491654002246e-10	1.0446269741042346e-08	2.3885753082265594e-08
111.950224	45.4443662109375	15	1598.0	1411.0	6.979491654013348e-10	2.1368510098840333e-09	3.4883868175139555e-09
112.050224	56.99036216923879	9	1052.0	943.0	6.979491654002246e-10	5.62651540347403e-09	8.080641816881062e-09
112.150224	55.095519827216215	13	736.0	576.0	6.979491654013348e-10	1.0363417238303806e-08	3.593890841273595e-09
112.250224	53.00325577998296	10	711.0	442.0	6.979491654013348e-10	3.6119190783123755e-09	4.11558099456033e-09
112.350224	56.49711702926944	6	1004.0	811.0	2.557414587939455e-08	8.820243470915035e-09	3.103456177154795e-09
112.450224	51.38992319162437	20	709.0	471.0	6.975086791272123e-10	1.641823134848064e-09	8.162573740937428e-09
112.550224	47.59115278028639	18	1264.0	1155.0	6.97508679126102e-10	1.6078847696527897e-08	4.040574290119725e-08
112.650224	52.87282136599701	13	707.0	618.0	6.97508679126102e-10	5.542435271639334e-09	5.649474362148244e-09
112.750224	47.93981662477883	3	976.0	646.0	6.97508679126102e-10	4.2869227041419935e-09	7.380002381954797e-09
112.850224	44.30580859375	3	1058.0	622.0	6.975086791272123e-10	2.691945436110732e-09	2.365348154371727e-09
112.950224	47.42941563799376	5	1144.0	886.0	6.97508679126102e-10	7.702428699902786e-09	7.91488981551125e-09
113.050224	51.85344140625	26	1085.0	748.0	6.97508679126102e-10	4.5717223813479535e-09	7.95566554439464e-09
113.150224	54.4341234900075	7	1017.0	791.0	1.1099333794689636e-08	1.1300205353224069e-08	1.2165467378604244e-08
113.250224	52.94231395443336	13	932.0	717.0	1.3697657450429946e-08	9.55870544363746e-09	1.1164001489831765e-08
113.350224	51.52985088241183	13	840.0	691.0	1.0172223916260492e-08	2.6319244508998806e-09	5.7714491847549175e-09
113.450224	48.13244510319168	4	919.0	923.0	9.416413025479241e-09	9.099652768400634e-09	1.4308541288771126e-08
113.550224	43.732447606457725	10	907.0	885.0	9.416413025479241e-09	5.9293693783435405e-09	4.435119505984408e-09
113.650224	48.968025497804966	5	881.0	763.0	9.416413025480353e-09	8.0384659873034e-09	4.750079364695958e-09
113.750224	50.714611894035386	13	913.0	729.0	1.2583012585414278e-08	1.088861503672378e-08	1.0870898924126848e-08
113.850224	53.38026845082211	13	687.0	656.0	3.11025401611198e-08	1.0801922890073535e-08	1.0960746113899412e-08
113.950224	47.92219665751753	3	945.0	788.0	2.516666387520905e-09	7.580870454342304e-09	3.4672585040496085e-09
114.050224	52.7572216796875	8	965.0	642.0	1.0961242801932335e-09	5.079885549306162e-09	1.0524349346692219e-08
114.150224	49.33942174138581	7	1268.0	909.0	1.0961242801932335e-09	1.3961284017285358e-08	7.893005739697534e-09
114.250224	51.979330620622505	11	910.0	782.0	8.91024611587632e-09	6.272351724219138e-09	7.2827105853423556e-09
114.350224	54.1525996994611	7	796.0	605.0	9.065001715674592e-09	6.045168545194546e-09	8.661585920376468e-09
114.450224	50.97347265625	5	847.0	587.0	9.065001715673482e-09	6.602167129841075e-09	3.1770623110993767e-09
114.550224	53.66382878449676	2	960.0	591.0	4.08327663986241e-09	1.1933094509410935e-08	2.1219983583065095e-09
114.650224	53.23792047647574	16	895.0	545.0	7.518919007325487e-09	1.1269960687732005e-08	4.611714264818323e-09
114.750224	51.225387488271465	12	1075.0	765.0	7.765931359010603e-09	1.5571302734780357e-08	1.054389986152815e-08
114.850224	50.92370434620036	1	943.0	574.0	7.765931359010603e-09	5.343419387373593e-09	1.3663864434931839e-09
114.950224	46.3835859375	0	962.0	596.0	6.355859411097953e-09	3.630572901913709e-09	1.872497136560236e-09
115.050224	40.71057253492334	3	931.0	496.0	1.6543157733972524e-09	1.3679858446447035e-09	3.2601518215957803e-09
115.150224	38.91285579194331	7	1028.0	789.0	1.6543157733972524e-09	3.1440447582342655e-09	5.14096506260886e-09
115.250224	40.47660406219423	7	1003.0	779.0	1.6543157733972524e-09	5.1300430993639345e-09	4.44367243811139e-09
115.350224	38.80995238813939	7	835.0	673.0	1.6543157733972524e-09	2.396601635292761e-09	2.14261655987813e-09
115.450224	36.56770874763258	14	623.0	500.0	1.6543157733972524e-09	2.680964711472278e-09	2.3023476335692906e-09
115.550224	36.080023638883794	1	687.0	608.0	1.6543157733972524e-09	1.5438166098635797e-09	2.096894852399167e-09
115.650224	37.20385546875	7	1119.0	1017.0	1.6543157733972524e-09	7.400445010539158e-09	6.492920077861841e-09
115.750224	37.922178579125614	2	755.0	610.0	5.276716255343538e-09	4.104492527345904e-09	3.638643406722597e-09
115.850224	40.413623046875	16	1049.0	797.0	9.071036319551195e-09	6.122532981416295e-09	2.9596320525104856e-09
115.950224	37.4669765625	4	776.0	665.0	9.071036319551195e-09	2.2900054403707237e-09	1.913542206961605e-09
116.050224	38.27349908266129	2	729.0	610.0	8.097861625365743e-09	4.2068913643800165e-09	1.8066749737155608e-09
116.150224	37.1331018351026	8	819.0	687.0	1.6546768150116354e-09	2.5167742308696007e-09	2.1852299781377483e-09
116.250224	38.4471328125	14	860.0	665.0	1.6546768150116354e-09	2.7269255914519342e-09	2.0100694835023526e-09
116.350224	37.329890047853475	11	809.0	805.0	1.6546768150127455e-09	1.6515719451049016e-09	1.436941701753458e-09
116.450224	39.031960535565126	12	862.0	804.0	1.6546768150116354e-09	5.389280567025257e-09	5.6302185684398154e-09
116.550224	46.85387109375	9	1096.0	890.0	1.6546768150116354e-09	8.066315496229048e-09	5.311232461029381e-09
116.650224	49.47832807372695	10	837.0	848.0	1.6546768150116354e-09	8.77423451737247e-09	6.551240770907851e-09
116.750224	53.5864594510822	18	1002.0	850.0	1.6546768150127455e-09	2.0045282972120936e-08	1.5395015787992294e-08
116.850224	52.734824045672354	10	770.0	703.0	1.6546768150116354e-09	1.3715187054181843e-08	1.6299659739127393e-08
116.950224	51.11791835954443	20	897.0	911.0	1.6321877293912213e-09	1.3164454994005759e-08	1.1360878427868482e-08
117.050224	41.95859831207599	7	970.0	933.0	2.332657696598739e-09	5.5960885059858075e-09	8.21009096179548e-09
117.150224	52.97562815038053	11	1063.0	870.0	6.71693031427778e-09	1.2998108937065655e-08	1.4707232049168129e-08
117.250224	49.8356142578125	7	1044.0	921.0	9.57926515934182e-09	6.950516784256511e-09	7.821510696018886e-09
117.350224	49.40027711977531	7	909.0	874.0	1.272518985471538e-08	1.680096148890975e-08	1.4832005237404022e-08
117.450224	56.893283277869315	15	1318.0	1081.0	1.272518985471538e-08	2.5078037142043375e-08	2.385150554736981e-08
117.550224	49.83872483726108	6	1019.0	989.0	9.453842202963303e-09	1.7725554357972405e-08	1.5823016887258622e-08
117.650224	43.533163224994944	10	1417.0	1203.0	5.181522191679555e-09	1.4002688463041757e-08	4.877541254951767e-09
117.750224	41.1128984375	9	1018.0	726.0	6.909321044787919e-09	9.408888715829455e-09	9.360645608210705e-09
117.850224	45.672057271014	8	1061.0	850.0	6.90932104478903e-09	2.062695510949064e-08	1.537645723315162e-08
117.950224	47.5472559282076	3	938.0	675.0	6.90932104478903e-09	1.5953169924141088e-08	1.474047516254462e-08
118.050224	41.12675330738076	2	842.0	659.0	6.909321044787919e-09	8.256874579479767e-09	6.824750049065908e-09
118.150224	40.86892568097287	5	1108.0	863.0	1.2699215495991512e-08	1.3533948871664592e-08	1.0181525027571636e-08
118.250224	39.488828125	1	1128.0	766.0	1.843592758379864e-08	1.3667706752535924e-08	1.069363126694034e-08
118.350224	46.327456918955335	2	1395.0	1027.0	1.505673271106067e-08	2.4634214930132626e-08	2.2864248860456903e-08
118.450224	55.33613157151149	3	1634.0	1218.0	3.394969836913342e-08	2.0526174599242442e-08	3.3921174733969605e-08
118.550224	50.258824251442384	2	1354.0	1208.0	2.1047285538355885e-09	3.084526470970239e-08	3.548066683366269e-08
118.650224	53.944658343413984	6	1753.0	1443.0	2.1047285538344784e-09	2.4013831577183174e-08	2.1879447095243254e-08
118.750224	55.494483810415055	4	1412.0	1072.0	1.5386571493157808e-08	2.3614760116694723e-08	3.0020936890933216e-08
118.850224	52.85731945486256	4	1281.0	940.0	3.677139846264055e-08	2.2163273049002896e-08	3.224199376136605e-08
118.950224	53.67680870556364	3	1668.0	1291.0	5.1725621863777383e-08	2.3443684979187474e-08	2.7210151967492767e-08
119.050224	46.84647594615335	6	1100.0	914.0	4.0728819120694484e-09	2.370189892884511e-08	2.8638552707731525e-08
119.150224	45.54050307941534	11	1339.0	1091.0	2.6440616201899304e-08	1.85750909136706e-08	2.153651591038752e-08
119.250224	48.733938138410494	4	1644.0	1262.0	1.8387635659886657e-08	1.9198816592194135e-08	1.7267142968355743e-08
119.350224	48.48914165067305	5	1454.0	1192.0	2.664592495009388e-08	3.275211095671971e-08	2.06497146712592e-08
119.450224	45.08679043776652	1	1368.0	967.0	8.721687226336261e-09	3.120421588311162e-08	1.875634152601724e-08
119.550224	41.847496054516604	4	990.0	815.0	3.4491029988915625e-08	2.3006582768192452e-08	3.363623102221602e-08
119.650224	49.5222578125	1	1729.0	1462.0	3.085100433687038e-08	3.7083802852202475e-08	3.908320132405496e-08
119.750224	49.27015234375	1	1856.0	1476.0	4.543208827974543e-08	3.991836808493909e-08	4.674796031541306e-08
119.850224	50.9985	1	2035.0	1673.0	5.708532489715479e-08	3.57747813317566e-08	4.2526648626626254e-08
119.950224	42.68454296875	0	1533.0	1110.0	1.3497891518208238e-08	2.6383337396369554e-08	3.529805480555703e-08
120.050224	46.71054267595847	0	1770.0	1428.0	2.810095384955691e-08	3.141437365318467e-08	2.6821855038375864e-08
120.150224	46.839340704314715	0	1742.0	1259.0	2.9469537400539368e-08	3.4998553610698924e-08	3.486637982346275e-08
120.250224	47.617453125	2	1968.0	1361.0	2.7931103933227507e-08	3.2627741946860134e-08	4.1086538577808085e-08
120.350224	52.21293900893797	3	1911.0	1367.0	4.4805613618078555e-08	4.1755609201250546e-08	5.6319393999964e-08
120.450224	53.51907212835599	1	2171.0	1498.0	1.0727744385941373e-07	4.192948033135524e-08	4.972252967820334e-08
120.550224	50.99930859375	0	2505.0	1999.0	3.937082358193455e-08	5.01810871968722e-08	4.567069386352207e-08
120.650224	48.34775	0	2228.0	1720.0	7.458026820412855e-08	4.3427495685843806e-08	4.16295046533488e-08
120.750224	44.5108046875	0	1976.0	1622.0	5.1131432900184405e-08	3.2974098173739196e-08	4.645614975396395e-08
120.850224	47.3715	0	1841.0	1302.0	8.262113547172212e-08	3.97379141164822e-08	4.202019909108401e-08
120.950224	52.20481736197507	0	2423.0	1838.0	8.617291128504845e-08	4.969107311844079e-08	7.094736959977754e-08
121.050224	54.801280308361974	0	2536.0	1936.0	1.648073417533813e-08	4.50409963457532e-08	5.759375444675419e-08
121.150224	56.250517653827515	0	2453.0	1801.0	9.623585598096617e-08	5.234392144187527e-08	7.232457451368579e-08
121.250224	55.10316973426351	5	2142.0	1617.0	1.1987030613769934e-07	4.4499023174608964e-08	5.383381309531976e-08
121.350224	54.814670686606036	5	2279.0	1822.0	1.347068758729586e-07	6.148992561783473e-08	5.140832943778428e-08
121.450224	56.53712772502197	2	2582.0	2040.0	5.575853650042539e-08	5.5733932543071686e-08	4.429887695997614e-08
121.550224	37.479169952950826	1	1095.0	593.0	2.3660909594068748e-08	2.067359243606459e-08	1.6462490507851424e-08
121.650224	50.805557718944755	5	2097.0	1594.0	4.751537646739301e-08	4.801053383708176e-08	5.4153993493697426e-08
121.750224	62.24076445149428	12	3207.0	2476.0	1.4260923713238505e-08	3.929380581953801e-08	4.037402650753141e-08
121.850224	61.06740895762822	9	3854.0	3055.0	1.0018461747293594e-07	4.1737184556389636e-08	5.4863769840434173e-08
121.950224	55.471088567259415	1	3413.0	2865.0	4.462274889929674e-08	5.994578648539806e-08	5.110852858925763e-08
122.050224	47.982835118394576	6	2720.0	2180.0	5.6919765882107454e-08	4.582631704587836e-08	5.181225835708681e-08
122.150224	50.50329181809986	0	3043.0	2378.0	1.8559030624399897e-08	5.3676551184422827e-08	3.8039078066614e-08
122.250224	47.81704678501309	0	2585.0	2264.0	1.9827093127905425e-08	6.053138752252219e-08	4.9861104067117077e-08
122.350224	44.509034739212275	0	2400.0	1949.0	1.8817894087697074e-09	3.766246340491053e-08	2.8760731464421153e-08
122.450224	45.476929563492064	2	2109.0	1878.0	0.0	3.247319387002401e-08	3.046951404563458e-08
122.550224	40.55103125	1	1248.0	987.0	0.0	1.2331584729405876e-08	1.0879011900476466e-08
122.6394885	42.02949482769563	0	709.0	566.0	0.0	3.6198793339771988e-09	1.9256972251193634e-09
